condition,seed_id,repeat_index,lambda1_mean,lambda1_std,lambda1_cv,layerwise_variance_mean,profile_slope_mean,n_tangent_seeds,n_valid,nan_count,renorm_cadence,model_id,compute_time_s
HETERO_ROT,argumentative_0,0,0.09469716,0.00223771,0.02363,0.12309501,-0.01417243,10,10,0,4,meta-llama/Llama-3.1-8B-Instruct,9.26
HETERO_ROT,argumentative_0,1,0.09469716,0.00223771,0.02363,0.12309501,-0.01417243,10,10,0,4,meta-llama/Llama-3.1-8B-Instruct,5.19
HETERO_ROT,argumentative_0,2,0.09469716,0.00223771,0.02363,0.12309501,-0.01417243,10,10,0,4,meta-llama/Llama-3.1-8B-Instruct,5.16
HETERO_ROT,argumentative_0,3,0.09469716,0.00223771,0.02363,0.12309501,-0.01417243,10,10,0,4,meta-llama/Llama-3.1-8B-Instruct,5.19
HETERO_ROT,argumentative_0,4,0.09469716,0.00223771,0.02363,0.12309501,-0.01417243,10,10,0,4,meta-llama/Llama-3.1-8B-Instruct,5.14
HETERO_ROT,argumentative_1,0,0.08513631,0.00305938,0.035935,0.1098823,-0.01206225,10,10,0,4,meta-llama/Llama-3.1-8B-Instruct,5.7
HETERO_ROT,argumentative_1,1,0.08513631,0.00305938,0.035935,0.1098823,-0.01206225,10,10,0,4,meta-llama/Llama-3.1-8B-Instruct,5.23
HETERO_ROT,argumentative_1,2,0.08513631,0.00305938,0.035935,0.1098823,-0.01206225,10,10,0,4,meta-llama/Llama-3.1-8B-Instruct,5.17
HETERO_ROT,argumentative_1,3,0.08513631,0.00305938,0.035935,0.1098823,-0.01206225,10,10,0,4,meta-llama/Llama-3.1-8B-Instruct,5.17
HETERO_ROT,argumentative_1,4,0.08513631,0.00305938,0.035935,0.1098823,-0.01206225,10,10,0,4,meta-llama/Llama-3.1-8B-Instruct,5.09
HETERO_ROT,argumentative_2,0,0.10072373,0.0049195,0.048842,0.11078346,-0.01305967,10,10,0,4,meta-llama/Llama-3.1-8B-Instruct,5.36
HETERO_ROT,argumentative_2,1,0.10072373,0.0049195,0.048842,0.11078346,-0.01305967,10,10,0,4,meta-llama/Llama-3.1-8B-Instruct,5.27
HETERO_ROT,argumentative_2,2,0.10072373,0.0049195,0.048842,0.11078346,-0.01305967,10,10,0,4,meta-llama/Llama-3.1-8B-Instruct,5.26
HETERO_ROT,argumentative_2,3,0.10072373,0.0049195,0.048842,0.11078346,-0.01305967,10,10,0,4,meta-llama/Llama-3.1-8B-Instruct,5.25
HETERO_ROT,argumentative_2,4,0.10072373,0.0049195,0.048842,0.11078346,-0.01305967,10,10,0,4,meta-llama/Llama-3.1-8B-Instruct,5.31
HETERO_ROT,argumentative_3,0,0.09724252,0.00600191,0.061721,0.12077159,-0.01364009,10,10,0,4,meta-llama/Llama-3.1-8B-Instruct,5.31
HETERO_ROT,argumentative_3,1,0.09724252,0.00600191,0.061721,0.12077159,-0.01364009,10,10,0,4,meta-llama/Llama-3.1-8B-Instruct,5.25
HETERO_ROT,argumentative_3,2,0.09724252,0.00600191,0.061721,0.12077159,-0.01364009,10,10,0,4,meta-llama/Llama-3.1-8B-Instruct,5.21
HETERO_ROT,argumentative_3,3,0.09724252,0.00600191,0.061721,0.12077159,-0.01364009,10,10,0,4,meta-llama/Llama-3.1-8B-Instruct,5.25
HETERO_ROT,argumentative_3,4,0.09724252,0.00600191,0.061721,0.12077159,-0.01364009,10,10,0,4,meta-llama/Llama-3.1-8B-Instruct,5.19
HETERO_ROT,argumentative_4,0,0.0830504,0.00292491,0.035218,0.11409412,-0.01192573,10,10,0,4,meta-llama/Llama-3.1-8B-Instruct,5.09
HETERO_ROT,argumentative_4,1,0.0830504,0.00292491,0.035218,0.11409412,-0.01192573,10,10,0,4,meta-llama/Llama-3.1-8B-Instruct,5.08
HETERO_ROT,argumentative_4,2,0.0830504,0.00292491,0.035218,0.11409412,-0.01192573,10,10,0,4,meta-llama/Llama-3.1-8B-Instruct,5.22
HETERO_ROT,argumentative_4,3,0.0830504,0.00292491,0.035218,0.11409412,-0.01192573,10,10,0,4,meta-llama/Llama-3.1-8B-Instruct,5.18
HETERO_ROT,argumentative_4,4,0.0830504,0.00292491,0.035218,0.11409412,-0.01192573,10,10,0,4,meta-llama/Llama-3.1-8B-Instruct,5.14
HETERO_ROT,argumentative_5,0,0.09955737,0.00412493,0.041433,0.11747972,-0.01459817,10,10,0,4,meta-llama/Llama-3.1-8B-Instruct,5.17
HETERO_ROT,argumentative_5,1,0.09955737,0.00412493,0.041433,0.11747972,-0.01459817,10,10,0,4,meta-llama/Llama-3.1-8B-Instruct,5.08
HETERO_ROT,argumentative_5,2,0.09955737,0.00412493,0.041433,0.11747972,-0.01459817,10,10,0,4,meta-llama/Llama-3.1-8B-Instruct,5.15
HETERO_ROT,argumentative_5,3,0.09955737,0.00412493,0.041433,0.11747972,-0.01459817,10,10,0,4,meta-llama/Llama-3.1-8B-Instruct,5.17
HETERO_ROT,argumentative_5,4,0.09955737,0.00412493,0.041433,0.11747972,-0.01459817,10,10,0,4,meta-llama/Llama-3.1-8B-Instruct,5.12
HETERO_ROT,creative_rewrite_0,0,0.09165623,0.0051525,0.056215,0.11226031,-0.01047824,10,10,0,4,meta-llama/Llama-3.1-8B-Instruct,5.06
HETERO_ROT,creative_rewrite_0,1,0.09165623,0.0051525,0.056215,0.11226031,-0.01047824,10,10,0,4,meta-llama/Llama-3.1-8B-Instruct,5.19
HETERO_ROT,creative_rewrite_0,2,0.09165623,0.0051525,0.056215,0.11226031,-0.01047824,10,10,0,4,meta-llama/Llama-3.1-8B-Instruct,5.17
HETERO_ROT,creative_rewrite_0,3,0.09165623,0.0051525,0.056215,0.11226031,-0.01047824,10,10,0,4,meta-llama/Llama-3.1-8B-Instruct,5.07
HETERO_ROT,creative_rewrite_0,4,0.09165623,0.0051525,0.056215,0.11226031,-0.01047824,10,10,0,4,meta-llama/Llama-3.1-8B-Instruct,5.19
HETERO_ROT,creative_rewrite_1,0,0.08297465,0.00297817,0.035893,0.1123416,-0.00992649,10,10,0,4,meta-llama/Llama-3.1-8B-Instruct,5.13
HETERO_ROT,creative_rewrite_1,1,0.08297465,0.00297817,0.035893,0.1123416,-0.00992649,10,10,0,4,meta-llama/Llama-3.1-8B-Instruct,5.13
HETERO_ROT,creative_rewrite_1,2,0.08297465,0.00297817,0.035893,0.1123416,-0.00992649,10,10,0,4,meta-llama/Llama-3.1-8B-Instruct,5.14
HETERO_ROT,creative_rewrite_1,3,0.08297465,0.00297817,0.035893,0.1123416,-0.00992649,10,10,0,4,meta-llama/Llama-3.1-8B-Instruct,5.14
HETERO_ROT,creative_rewrite_1,4,0.08297465,0.00297817,0.035893,0.1123416,-0.00992649,10,10,0,4,meta-llama/Llama-3.1-8B-Instruct,5.11
HETERO_ROT,creative_rewrite_2,0,0.0915361,0.00414199,0.04525,0.1172072,-0.01061734,10,10,0,4,meta-llama/Llama-3.1-8B-Instruct,5.15
HETERO_ROT,creative_rewrite_2,1,0.0915361,0.00414199,0.04525,0.1172072,-0.01061734,10,10,0,4,meta-llama/Llama-3.1-8B-Instruct,5.06
HETERO_ROT,creative_rewrite_2,2,0.0915361,0.00414199,0.04525,0.1172072,-0.01061734,10,10,0,4,meta-llama/Llama-3.1-8B-Instruct,5.09
HETERO_ROT,creative_rewrite_2,3,0.0915361,0.00414199,0.04525,0.1172072,-0.01061734,10,10,0,4,meta-llama/Llama-3.1-8B-Instruct,5.2
HETERO_ROT,creative_rewrite_2,4,0.0915361,0.00414199,0.04525,0.1172072,-0.01061734,10,10,0,4,meta-llama/Llama-3.1-8B-Instruct,5.12
HETERO_ROT,creative_rewrite_3,0,0.09084488,0.00311502,0.034289,0.11970741,-0.01117935,10,10,0,4,meta-llama/Llama-3.1-8B-Instruct,5.16
HETERO_ROT,creative_rewrite_3,1,0.09084488,0.00311502,0.034289,0.11970741,-0.01117935,10,10,0,4,meta-llama/Llama-3.1-8B-Instruct,5.11
HETERO_ROT,creative_rewrite_3,2,0.09084488,0.00311502,0.034289,0.11970741,-0.01117935,10,10,0,4,meta-llama/Llama-3.1-8B-Instruct,5.19
HETERO_ROT,creative_rewrite_3,3,0.09084488,0.00311502,0.034289,0.11970741,-0.01117935,10,10,0,4,meta-llama/Llama-3.1-8B-Instruct,5.13
HETERO_ROT,creative_rewrite_3,4,0.09084488,0.00311502,0.034289,0.11970741,-0.01117935,10,10,0,4,meta-llama/Llama-3.1-8B-Instruct,5.14
HETERO_ROT,creative_rewrite_4,0,0.08865873,0.00381945,0.04308,0.11935691,-0.01050078,10,10,0,4,meta-llama/Llama-3.1-8B-Instruct,5.14
HETERO_ROT,creative_rewrite_4,1,0.08865873,0.00381945,0.04308,0.11935691,-0.01050078,10,10,0,4,meta-llama/Llama-3.1-8B-Instruct,5.15
HETERO_ROT,creative_rewrite_4,2,0.08865873,0.00381945,0.04308,0.11935691,-0.01050078,10,10,0,4,meta-llama/Llama-3.1-8B-Instruct,5.1
HETERO_ROT,creative_rewrite_4,3,0.08865873,0.00381945,0.04308,0.11935691,-0.01050078,10,10,0,4,meta-llama/Llama-3.1-8B-Instruct,5.11
HETERO_ROT,creative_rewrite_4,4,0.08865873,0.00381945,0.04308,0.11935691,-0.01050078,10,10,0,4,meta-llama/Llama-3.1-8B-Instruct,5.11
HETERO_ROT,creative_rewrite_5,0,0.09112194,0.0040895,0.044879,0.12715573,-0.01169816,10,10,0,4,meta-llama/Llama-3.1-8B-Instruct,5.04
HETERO_ROT,creative_rewrite_5,1,0.09112194,0.0040895,0.044879,0.12715573,-0.01169816,10,10,0,4,meta-llama/Llama-3.1-8B-Instruct,5.11
HETERO_ROT,creative_rewrite_5,2,0.09112194,0.0040895,0.044879,0.12715573,-0.01169816,10,10,0,4,meta-llama/Llama-3.1-8B-Instruct,5.1
HETERO_ROT,creative_rewrite_5,3,0.09112194,0.0040895,0.044879,0.12715573,-0.01169816,10,10,0,4,meta-llama/Llama-3.1-8B-Instruct,5.17
HETERO_ROT,creative_rewrite_5,4,0.09112194,0.0040895,0.044879,0.12715573,-0.01169816,10,10,0,4,meta-llama/Llama-3.1-8B-Instruct,5.25
HETERO_ROT,factual_qa_0,0,0.0813731,0.00222743,0.027373,0.12544339,-0.01206821,10,10,0,4,meta-llama/Llama-3.1-8B-Instruct,5.45
HETERO_ROT,factual_qa_0,1,0.0813731,0.00222743,0.027373,0.12544339,-0.01206821,10,10,0,4,meta-llama/Llama-3.1-8B-Instruct,5.41
HETERO_ROT,factual_qa_0,2,0.0813731,0.00222743,0.027373,0.12544339,-0.01206821,10,10,0,4,meta-llama/Llama-3.1-8B-Instruct,5.5
HETERO_ROT,factual_qa_0,3,0.0813731,0.00222743,0.027373,0.12544339,-0.01206821,10,10,0,4,meta-llama/Llama-3.1-8B-Instruct,5.3
HETERO_ROT,factual_qa_0,4,0.0813731,0.00222743,0.027373,0.12544339,-0.01206821,10,10,0,4,meta-llama/Llama-3.1-8B-Instruct,5.15
HETERO_ROT,factual_qa_1,0,0.07632615,0.00249461,0.032684,0.12064871,-0.01256789,10,10,0,4,meta-llama/Llama-3.1-8B-Instruct,5.16
HETERO_ROT,factual_qa_1,1,0.07632615,0.00249461,0.032684,0.12064871,-0.01256789,10,10,0,4,meta-llama/Llama-3.1-8B-Instruct,5.21
HETERO_ROT,factual_qa_1,2,0.07632615,0.00249461,0.032684,0.12064871,-0.01256789,10,10,0,4,meta-llama/Llama-3.1-8B-Instruct,5.19
HETERO_ROT,factual_qa_1,3,0.07632615,0.00249461,0.032684,0.12064871,-0.01256789,10,10,0,4,meta-llama/Llama-3.1-8B-Instruct,5.27
HETERO_ROT,factual_qa_1,4,0.07632615,0.00249461,0.032684,0.12064871,-0.01256789,10,10,0,4,meta-llama/Llama-3.1-8B-Instruct,5.16
HETERO_ROT,factual_qa_2,0,0.08480223,0.00323753,0.038177,0.11080225,-0.01220962,10,10,0,4,meta-llama/Llama-3.1-8B-Instruct,5.19
HETERO_ROT,factual_qa_2,1,0.08480223,0.00323753,0.038177,0.11080225,-0.01220962,10,10,0,4,meta-llama/Llama-3.1-8B-Instruct,5.3
HETERO_ROT,factual_qa_2,2,0.08480223,0.00323753,0.038177,0.11080225,-0.01220962,10,10,0,4,meta-llama/Llama-3.1-8B-Instruct,5.23
HETERO_ROT,factual_qa_2,3,0.08480223,0.00323753,0.038177,0.11080225,-0.01220962,10,10,0,4,meta-llama/Llama-3.1-8B-Instruct,5.23
HETERO_ROT,factual_qa_2,4,0.08480223,0.00323753,0.038177,0.11080225,-0.01220962,10,10,0,4,meta-llama/Llama-3.1-8B-Instruct,5.2
HETERO_ROT,factual_qa_3,0,0.08077939,0.00340471,0.042148,0.12008638,-0.01156512,10,10,0,4,meta-llama/Llama-3.1-8B-Instruct,5.29
HETERO_ROT,factual_qa_3,1,0.08077939,0.00340471,0.042148,0.12008638,-0.01156512,10,10,0,4,meta-llama/Llama-3.1-8B-Instruct,5.2
HETERO_ROT,factual_qa_3,2,0.08077939,0.00340471,0.042148,0.12008638,-0.01156512,10,10,0,4,meta-llama/Llama-3.1-8B-Instruct,5.2
HETERO_ROT,factual_qa_3,3,0.08077939,0.00340471,0.042148,0.12008638,-0.01156512,10,10,0,4,meta-llama/Llama-3.1-8B-Instruct,5.28
HETERO_ROT,factual_qa_3,4,0.08077939,0.00340471,0.042148,0.12008638,-0.01156512,10,10,0,4,meta-llama/Llama-3.1-8B-Instruct,5.3
HETERO_ROT,factual_qa_4,0,0.07380634,0.00200394,0.027151,0.11910885,-0.01216691,10,10,0,4,meta-llama/Llama-3.1-8B-Instruct,5.13
HETERO_ROT,factual_qa_4,1,0.07380634,0.00200394,0.027151,0.11910885,-0.01216691,10,10,0,4,meta-llama/Llama-3.1-8B-Instruct,5.14
HETERO_ROT,factual_qa_4,2,0.07380634,0.00200394,0.027151,0.11910885,-0.01216691,10,10,0,4,meta-llama/Llama-3.1-8B-Instruct,5.13
HETERO_ROT,factual_qa_4,3,0.07380634,0.00200394,0.027151,0.11910885,-0.01216691,10,10,0,4,meta-llama/Llama-3.1-8B-Instruct,5.2
HETERO_ROT,factual_qa_4,4,0.07380634,0.00200394,0.027151,0.11910885,-0.01216691,10,10,0,4,meta-llama/Llama-3.1-8B-Instruct,5.15
HETERO_ROT,factual_qa_5,0,0.07969657,0.00236732,0.029704,0.13477857,-0.01327813,10,10,0,4,meta-llama/Llama-3.1-8B-Instruct,5.18
HETERO_ROT,factual_qa_5,1,0.07969657,0.00236732,0.029704,0.13477857,-0.01327813,10,10,0,4,meta-llama/Llama-3.1-8B-Instruct,5.18
HETERO_ROT,factual_qa_5,2,0.07969657,0.00236732,0.029704,0.13477857,-0.01327813,10,10,0,4,meta-llama/Llama-3.1-8B-Instruct,5.05
HETERO_ROT,factual_qa_5,3,0.07969657,0.00236732,0.029704,0.13477857,-0.01327813,10,10,0,4,meta-llama/Llama-3.1-8B-Instruct,5.2
HETERO_ROT,factual_qa_5,4,0.07969657,0.00236732,0.029704,0.13477857,-0.01327813,10,10,0,4,meta-llama/Llama-3.1-8B-Instruct,5.19
HETERO_ROT,instruction_following_0,0,0.07919837,0.00219607,0.027729,0.12107543,-0.01037878,10,10,0,4,meta-llama/Llama-3.1-8B-Instruct,5.09
HETERO_ROT,instruction_following_0,1,0.07919837,0.00219607,0.027729,0.12107543,-0.01037878,10,10,0,4,meta-llama/Llama-3.1-8B-Instruct,5.15
HETERO_ROT,instruction_following_0,2,0.07919837,0.00219607,0.027729,0.12107543,-0.01037878,10,10,0,4,meta-llama/Llama-3.1-8B-Instruct,5.2
HETERO_ROT,instruction_following_0,3,0.07919837,0.00219607,0.027729,0.12107543,-0.01037878,10,10,0,4,meta-llama/Llama-3.1-8B-Instruct,5.06
HETERO_ROT,instruction_following_0,4,0.07919837,0.00219607,0.027729,0.12107543,-0.01037878,10,10,0,4,meta-llama/Llama-3.1-8B-Instruct,5.07
HETERO_ROT,instruction_following_1,0,0.08522188,0.00265941,0.031206,0.11322435,-0.01131123,10,10,0,4,meta-llama/Llama-3.1-8B-Instruct,5.15
HETERO_ROT,instruction_following_1,1,0.08522188,0.00265941,0.031206,0.11322435,-0.01131123,10,10,0,4,meta-llama/Llama-3.1-8B-Instruct,5.09
HETERO_ROT,instruction_following_1,2,0.08522188,0.00265941,0.031206,0.11322435,-0.01131123,10,10,0,4,meta-llama/Llama-3.1-8B-Instruct,5.19
HETERO_ROT,instruction_following_1,3,0.08522188,0.00265941,0.031206,0.11322435,-0.01131123,10,10,0,4,meta-llama/Llama-3.1-8B-Instruct,5.17
HETERO_ROT,instruction_following_1,4,0.08522188,0.00265941,0.031206,0.11322435,-0.01131123,10,10,0,4,meta-llama/Llama-3.1-8B-Instruct,5.15
HETERO_ROT,instruction_following_2,0,0.08795297,0.0030755,0.034968,0.11708149,-0.01193143,10,10,0,4,meta-llama/Llama-3.1-8B-Instruct,5.11
HETERO_ROT,instruction_following_2,1,0.08795297,0.0030755,0.034968,0.11708149,-0.01193143,10,10,0,4,meta-llama/Llama-3.1-8B-Instruct,5.09
HETERO_ROT,instruction_following_2,2,0.08795297,0.0030755,0.034968,0.11708149,-0.01193143,10,10,0,4,meta-llama/Llama-3.1-8B-Instruct,5.18
HETERO_ROT,instruction_following_2,3,0.08795297,0.0030755,0.034968,0.11708149,-0.01193143,10,10,0,4,meta-llama/Llama-3.1-8B-Instruct,5.11
HETERO_ROT,instruction_following_2,4,0.08795297,0.0030755,0.034968,0.11708149,-0.01193143,10,10,0,4,meta-llama/Llama-3.1-8B-Instruct,5.13
HETERO_ROT,instruction_following_3,0,0.08635101,0.00310487,0.035956,0.11515477,-0.01156003,10,10,0,4,meta-llama/Llama-3.1-8B-Instruct,5.17
HETERO_ROT,instruction_following_3,1,0.08635101,0.00310487,0.035956,0.11515477,-0.01156003,10,10,0,4,meta-llama/Llama-3.1-8B-Instruct,5.05
HETERO_ROT,instruction_following_3,2,0.08635101,0.00310487,0.035956,0.11515477,-0.01156003,10,10,0,4,meta-llama/Llama-3.1-8B-Instruct,5.08
HETERO_ROT,instruction_following_3,3,0.08635101,0.00310487,0.035956,0.11515477,-0.01156003,10,10,0,4,meta-llama/Llama-3.1-8B-Instruct,5.16
HETERO_ROT,instruction_following_3,4,0.08635101,0.00310487,0.035956,0.11515477,-0.01156003,10,10,0,4,meta-llama/Llama-3.1-8B-Instruct,5.25
HETERO_ROT,instruction_following_4,0,0.08652298,0.00156649,0.018105,0.12993274,-0.01211038,10,10,0,4,meta-llama/Llama-3.1-8B-Instruct,5.21
HETERO_ROT,instruction_following_4,1,0.08652298,0.00156649,0.018105,0.12993274,-0.01211038,10,10,0,4,meta-llama/Llama-3.1-8B-Instruct,5.2
HETERO_ROT,instruction_following_4,2,0.08652298,0.00156649,0.018105,0.12993274,-0.01211038,10,10,0,4,meta-llama/Llama-3.1-8B-Instruct,5.15
HETERO_ROT,instruction_following_4,3,0.08652298,0.00156649,0.018105,0.12993274,-0.01211038,10,10,0,4,meta-llama/Llama-3.1-8B-Instruct,5.14
HETERO_ROT,instruction_following_4,4,0.08652298,0.00156649,0.018105,0.12993274,-0.01211038,10,10,0,4,meta-llama/Llama-3.1-8B-Instruct,5.2
HETERO_ROT,instruction_following_5,0,0.09588192,0.00245235,0.025577,0.10211806,-0.01065787,10,10,0,4,meta-llama/Llama-3.1-8B-Instruct,5.15
HETERO_ROT,instruction_following_5,1,0.09588192,0.00245235,0.025577,0.10211806,-0.01065787,10,10,0,4,meta-llama/Llama-3.1-8B-Instruct,5.01
HETERO_ROT,instruction_following_5,2,0.09588192,0.00245235,0.025577,0.10211806,-0.01065787,10,10,0,4,meta-llama/Llama-3.1-8B-Instruct,5.08
HETERO_ROT,instruction_following_5,3,0.09588192,0.00245235,0.025577,0.10211806,-0.01065787,10,10,0,4,meta-llama/Llama-3.1-8B-Instruct,5.17
HETERO_ROT,instruction_following_5,4,0.09588192,0.00245235,0.025577,0.10211806,-0.01065787,10,10,0,4,meta-llama/Llama-3.1-8B-Instruct,5.13
HETERO_ROT,paraphrase_0,0,0.09811318,0.0042766,0.043588,0.11704717,-0.01164849,10,10,0,4,meta-llama/Llama-3.1-8B-Instruct,5.11
HETERO_ROT,paraphrase_0,1,0.09811318,0.0042766,0.043588,0.11704717,-0.01164849,10,10,0,4,meta-llama/Llama-3.1-8B-Instruct,5.01
HETERO_ROT,paraphrase_0,2,0.09811318,0.0042766,0.043588,0.11704717,-0.01164849,10,10,0,4,meta-llama/Llama-3.1-8B-Instruct,5.05
HETERO_ROT,paraphrase_0,3,0.09811318,0.0042766,0.043588,0.11704717,-0.01164849,10,10,0,4,meta-llama/Llama-3.1-8B-Instruct,5.0
HETERO_ROT,paraphrase_0,4,0.09811318,0.0042766,0.043588,0.11704717,-0.01164849,10,10,0,4,meta-llama/Llama-3.1-8B-Instruct,5.17
HETERO_ROT,paraphrase_1,0,0.1037042,0.0037742,0.036394,0.12652331,-0.01325967,10,10,0,4,meta-llama/Llama-3.1-8B-Instruct,5.08
HETERO_ROT,paraphrase_1,1,0.1037042,0.0037742,0.036394,0.12652331,-0.01325967,10,10,0,4,meta-llama/Llama-3.1-8B-Instruct,5.18
HETERO_ROT,paraphrase_1,2,0.1037042,0.0037742,0.036394,0.12652331,-0.01325967,10,10,0,4,meta-llama/Llama-3.1-8B-Instruct,5.13
HETERO_ROT,paraphrase_1,3,0.1037042,0.0037742,0.036394,0.12652331,-0.01325967,10,10,0,4,meta-llama/Llama-3.1-8B-Instruct,5.17
HETERO_ROT,paraphrase_1,4,0.1037042,0.0037742,0.036394,0.12652331,-0.01325967,10,10,0,4,meta-llama/Llama-3.1-8B-Instruct,5.04
HETERO_ROT,paraphrase_2,0,0.10314943,0.00487075,0.04722,0.13407243,-0.01443016,10,10,0,4,meta-llama/Llama-3.1-8B-Instruct,5.18
HETERO_ROT,paraphrase_2,1,0.10314943,0.00487075,0.04722,0.13407243,-0.01443016,10,10,0,4,meta-llama/Llama-3.1-8B-Instruct,5.26
HETERO_ROT,paraphrase_2,2,0.10314943,0.00487075,0.04722,0.13407243,-0.01443016,10,10,0,4,meta-llama/Llama-3.1-8B-Instruct,5.12
HETERO_ROT,paraphrase_2,3,0.10314943,0.00487075,0.04722,0.13407243,-0.01443016,10,10,0,4,meta-llama/Llama-3.1-8B-Instruct,5.21
HETERO_ROT,paraphrase_2,4,0.10314943,0.00487075,0.04722,0.13407243,-0.01443016,10,10,0,4,meta-llama/Llama-3.1-8B-Instruct,5.3
HETERO_ROT,paraphrase_3,0,0.10354068,0.00438007,0.042303,0.13485286,-0.01418232,10,10,0,4,meta-llama/Llama-3.1-8B-Instruct,5.33
HETERO_ROT,paraphrase_3,1,0.10354068,0.00438007,0.042303,0.13485286,-0.01418232,10,10,0,4,meta-llama/Llama-3.1-8B-Instruct,5.37
HETERO_ROT,paraphrase_3,2,0.10354068,0.00438007,0.042303,0.13485286,-0.01418232,10,10,0,4,meta-llama/Llama-3.1-8B-Instruct,5.28
HETERO_ROT,paraphrase_3,3,0.10354068,0.00438007,0.042303,0.13485286,-0.01418232,10,10,0,4,meta-llama/Llama-3.1-8B-Instruct,5.26
HETERO_ROT,paraphrase_3,4,0.10354068,0.00438007,0.042303,0.13485286,-0.01418232,10,10,0,4,meta-llama/Llama-3.1-8B-Instruct,5.25
HETERO_ROT,paraphrase_4,0,0.09780584,0.00409188,0.041837,0.12749014,-0.01241638,10,10,0,4,meta-llama/Llama-3.1-8B-Instruct,5.15
HETERO_ROT,paraphrase_4,1,0.09780584,0.00409188,0.041837,0.12749014,-0.01241638,10,10,0,4,meta-llama/Llama-3.1-8B-Instruct,5.14
HETERO_ROT,paraphrase_4,2,0.09780584,0.00409188,0.041837,0.12749014,-0.01241638,10,10,0,4,meta-llama/Llama-3.1-8B-Instruct,5.1
HETERO_ROT,paraphrase_4,3,0.09780584,0.00409188,0.041837,0.12749014,-0.01241638,10,10,0,4,meta-llama/Llama-3.1-8B-Instruct,5.23
HETERO_ROT,paraphrase_4,4,0.09780584,0.00409188,0.041837,0.12749014,-0.01241638,10,10,0,4,meta-llama/Llama-3.1-8B-Instruct,5.08
HETERO_ROT,paraphrase_5,0,0.0956998,0.0028524,0.029806,0.12875369,-0.01247663,10,10,0,4,meta-llama/Llama-3.1-8B-Instruct,5.12
HETERO_ROT,paraphrase_5,1,0.0956998,0.0028524,0.029806,0.12875369,-0.01247663,10,10,0,4,meta-llama/Llama-3.1-8B-Instruct,5.13
HETERO_ROT,paraphrase_5,2,0.0956998,0.0028524,0.029806,0.12875369,-0.01247663,10,10,0,4,meta-llama/Llama-3.1-8B-Instruct,5.11
HETERO_ROT,paraphrase_5,3,0.0956998,0.0028524,0.029806,0.12875369,-0.01247663,10,10,0,4,meta-llama/Llama-3.1-8B-Instruct,5.14
HETERO_ROT,paraphrase_5,4,0.0956998,0.0028524,0.029806,0.12875369,-0.01247663,10,10,0,4,meta-llama/Llama-3.1-8B-Instruct,5.12
HETERO_ROT,planning_0,0,0.08253047,0.00494658,0.059936,0.11065636,-0.01061382,10,10,0,4,meta-llama/Llama-3.1-8B-Instruct,5.11
HETERO_ROT,planning_0,1,0.08253047,0.00494658,0.059936,0.11065636,-0.01061382,10,10,0,4,meta-llama/Llama-3.1-8B-Instruct,5.26
HETERO_ROT,planning_0,2,0.08253047,0.00494658,0.059936,0.11065636,-0.01061382,10,10,0,4,meta-llama/Llama-3.1-8B-Instruct,5.06
HETERO_ROT,planning_0,3,0.08253047,0.00494658,0.059936,0.11065636,-0.01061382,10,10,0,4,meta-llama/Llama-3.1-8B-Instruct,5.13
HETERO_ROT,planning_0,4,0.08253047,0.00494658,0.059936,0.11065636,-0.01061382,10,10,0,4,meta-llama/Llama-3.1-8B-Instruct,5.1
HETERO_ROT,planning_1,0,0.08190583,0.00224595,0.027421,0.1186731,-0.01249707,10,10,0,4,meta-llama/Llama-3.1-8B-Instruct,5.16
HETERO_ROT,planning_1,1,0.08190583,0.00224595,0.027421,0.1186731,-0.01249707,10,10,0,4,meta-llama/Llama-3.1-8B-Instruct,5.23
HETERO_ROT,planning_1,2,0.08190583,0.00224595,0.027421,0.1186731,-0.01249707,10,10,0,4,meta-llama/Llama-3.1-8B-Instruct,5.14
HETERO_ROT,planning_1,3,0.08190583,0.00224595,0.027421,0.1186731,-0.01249707,10,10,0,4,meta-llama/Llama-3.1-8B-Instruct,5.18
HETERO_ROT,planning_1,4,0.08190583,0.00224595,0.027421,0.1186731,-0.01249707,10,10,0,4,meta-llama/Llama-3.1-8B-Instruct,5.08
HETERO_ROT,planning_2,0,0.10000208,0.00267085,0.026708,0.12930932,-0.01583416,10,10,0,4,meta-llama/Llama-3.1-8B-Instruct,5.16
HETERO_ROT,planning_2,1,0.10000208,0.00267085,0.026708,0.12930932,-0.01583416,10,10,0,4,meta-llama/Llama-3.1-8B-Instruct,5.14
HETERO_ROT,planning_2,2,0.10000208,0.00267085,0.026708,0.12930932,-0.01583416,10,10,0,4,meta-llama/Llama-3.1-8B-Instruct,5.1
HETERO_ROT,planning_2,3,0.10000208,0.00267085,0.026708,0.12930932,-0.01583416,10,10,0,4,meta-llama/Llama-3.1-8B-Instruct,5.22
HETERO_ROT,planning_2,4,0.10000208,0.00267085,0.026708,0.12930932,-0.01583416,10,10,0,4,meta-llama/Llama-3.1-8B-Instruct,5.18
HETERO_ROT,planning_3,0,0.08786475,0.00403209,0.04589,0.12254695,-0.01213524,10,10,0,4,meta-llama/Llama-3.1-8B-Instruct,5.11
HETERO_ROT,planning_3,1,0.08786475,0.00403209,0.04589,0.12254695,-0.01213524,10,10,0,4,meta-llama/Llama-3.1-8B-Instruct,5.17
HETERO_ROT,planning_3,2,0.08786475,0.00403209,0.04589,0.12254695,-0.01213524,10,10,0,4,meta-llama/Llama-3.1-8B-Instruct,5.17
HETERO_ROT,planning_3,3,0.08786475,0.00403209,0.04589,0.12254695,-0.01213524,10,10,0,4,meta-llama/Llama-3.1-8B-Instruct,5.1
HETERO_ROT,planning_3,4,0.08786475,0.00403209,0.04589,0.12254695,-0.01213524,10,10,0,4,meta-llama/Llama-3.1-8B-Instruct,5.14
HETERO_ROT,planning_4,0,0.08041252,0.00282244,0.035099,0.10999066,-0.01031175,10,10,0,4,meta-llama/Llama-3.1-8B-Instruct,5.06
HETERO_ROT,planning_4,1,0.08041252,0.00282244,0.035099,0.10999066,-0.01031175,10,10,0,4,meta-llama/Llama-3.1-8B-Instruct,5.09
HETERO_ROT,planning_4,2,0.08041252,0.00282244,0.035099,0.10999066,-0.01031175,10,10,0,4,meta-llama/Llama-3.1-8B-Instruct,5.14
HETERO_ROT,planning_4,3,0.08041252,0.00282244,0.035099,0.10999066,-0.01031175,10,10,0,4,meta-llama/Llama-3.1-8B-Instruct,5.08
HETERO_ROT,planning_4,4,0.08041252,0.00282244,0.035099,0.10999066,-0.01031175,10,10,0,4,meta-llama/Llama-3.1-8B-Instruct,5.08
HETERO_ROT,planning_5,0,0.08198692,0.00424928,0.051829,0.10836591,-0.01155213,10,10,0,4,meta-llama/Llama-3.1-8B-Instruct,5.11
HETERO_ROT,planning_5,1,0.08198692,0.00424928,0.051829,0.10836591,-0.01155213,10,10,0,4,meta-llama/Llama-3.1-8B-Instruct,5.16
HETERO_ROT,planning_5,2,0.08198692,0.00424928,0.051829,0.10836591,-0.01155213,10,10,0,4,meta-llama/Llama-3.1-8B-Instruct,5.13
HETERO_ROT,planning_5,3,0.08198692,0.00424928,0.051829,0.10836591,-0.01155213,10,10,0,4,meta-llama/Llama-3.1-8B-Instruct,5.18
HETERO_ROT,planning_5,4,0.08198692,0.00424928,0.051829,0.10836591,-0.01155213,10,10,0,4,meta-llama/Llama-3.1-8B-Instruct,5.46
HOMO_A,argumentative_0,0,0.09469716,0.00223771,0.02363,0.12309501,-0.01417243,10,10,0,4,meta-llama/Llama-3.1-8B-Instruct,5.11
HOMO_A,argumentative_0,1,0.09469716,0.00223771,0.02363,0.12309501,-0.01417243,10,10,0,4,meta-llama/Llama-3.1-8B-Instruct,5.16
HOMO_A,argumentative_0,2,0.09469716,0.00223771,0.02363,0.12309501,-0.01417243,10,10,0,4,meta-llama/Llama-3.1-8B-Instruct,5.13
HOMO_A,argumentative_0,3,0.09469716,0.00223771,0.02363,0.12309501,-0.01417243,10,10,0,4,meta-llama/Llama-3.1-8B-Instruct,5.09
HOMO_A,argumentative_0,4,0.09469716,0.00223771,0.02363,0.12309501,-0.01417243,10,10,0,4,meta-llama/Llama-3.1-8B-Instruct,5.12
HOMO_A,argumentative_1,0,0.08513631,0.00305938,0.035935,0.1098823,-0.01206225,10,10,0,4,meta-llama/Llama-3.1-8B-Instruct,5.16
HOMO_A,argumentative_1,1,0.08513631,0.00305938,0.035935,0.1098823,-0.01206225,10,10,0,4,meta-llama/Llama-3.1-8B-Instruct,5.14
HOMO_A,argumentative_1,2,0.08513631,0.00305938,0.035935,0.1098823,-0.01206225,10,10,0,4,meta-llama/Llama-3.1-8B-Instruct,5.31
HOMO_A,argumentative_1,3,0.08513631,0.00305938,0.035935,0.1098823,-0.01206225,10,10,0,4,meta-llama/Llama-3.1-8B-Instruct,5.2
HOMO_A,argumentative_1,4,0.08513631,0.00305938,0.035935,0.1098823,-0.01206225,10,10,0,4,meta-llama/Llama-3.1-8B-Instruct,5.18
HOMO_A,argumentative_2,0,0.10072373,0.0049195,0.048842,0.11078346,-0.01305967,10,10,0,4,meta-llama/Llama-3.1-8B-Instruct,5.17
HOMO_A,argumentative_2,1,0.10072373,0.0049195,0.048842,0.11078346,-0.01305967,10,10,0,4,meta-llama/Llama-3.1-8B-Instruct,5.15
HOMO_A,argumentative_2,2,0.10072373,0.0049195,0.048842,0.11078346,-0.01305967,10,10,0,4,meta-llama/Llama-3.1-8B-Instruct,5.18
HOMO_A,argumentative_2,3,0.10072373,0.0049195,0.048842,0.11078346,-0.01305967,10,10,0,4,meta-llama/Llama-3.1-8B-Instruct,5.44
HOMO_A,argumentative_2,4,0.10072373,0.0049195,0.048842,0.11078346,-0.01305967,10,10,0,4,meta-llama/Llama-3.1-8B-Instruct,5.44
HOMO_A,argumentative_3,0,0.09724252,0.00600191,0.061721,0.12077159,-0.01364009,10,10,0,4,meta-llama/Llama-3.1-8B-Instruct,5.22
HOMO_A,argumentative_3,1,0.09724252,0.00600191,0.061721,0.12077159,-0.01364009,10,10,0,4,meta-llama/Llama-3.1-8B-Instruct,5.51
HOMO_A,argumentative_3,2,0.09724252,0.00600191,0.061721,0.12077159,-0.01364009,10,10,0,4,meta-llama/Llama-3.1-8B-Instruct,5.2
HOMO_A,argumentative_3,3,0.09724252,0.00600191,0.061721,0.12077159,-0.01364009,10,10,0,4,meta-llama/Llama-3.1-8B-Instruct,5.27
HOMO_A,argumentative_3,4,0.09724252,0.00600191,0.061721,0.12077159,-0.01364009,10,10,0,4,meta-llama/Llama-3.1-8B-Instruct,5.19
HOMO_A,argumentative_4,0,0.0830504,0.00292491,0.035218,0.11409412,-0.01192573,10,10,0,4,meta-llama/Llama-3.1-8B-Instruct,5.23
HOMO_A,argumentative_4,1,0.0830504,0.00292491,0.035218,0.11409412,-0.01192573,10,10,0,4,meta-llama/Llama-3.1-8B-Instruct,5.21
HOMO_A,argumentative_4,2,0.0830504,0.00292491,0.035218,0.11409412,-0.01192573,10,10,0,4,meta-llama/Llama-3.1-8B-Instruct,5.3
HOMO_A,argumentative_4,3,0.0830504,0.00292491,0.035218,0.11409412,-0.01192573,10,10,0,4,meta-llama/Llama-3.1-8B-Instruct,5.25
HOMO_A,argumentative_4,4,0.0830504,0.00292491,0.035218,0.11409412,-0.01192573,10,10,0,4,meta-llama/Llama-3.1-8B-Instruct,5.14
HOMO_A,argumentative_5,0,0.09955737,0.00412493,0.041433,0.11747972,-0.01459817,10,10,0,4,meta-llama/Llama-3.1-8B-Instruct,5.23
HOMO_A,argumentative_5,1,0.09955737,0.00412493,0.041433,0.11747972,-0.01459817,10,10,0,4,meta-llama/Llama-3.1-8B-Instruct,5.35
HOMO_A,argumentative_5,2,0.09955737,0.00412493,0.041433,0.11747972,-0.01459817,10,10,0,4,meta-llama/Llama-3.1-8B-Instruct,5.83
HOMO_A,argumentative_5,3,0.09955737,0.00412493,0.041433,0.11747972,-0.01459817,10,10,0,4,meta-llama/Llama-3.1-8B-Instruct,5.37
HOMO_A,argumentative_5,4,0.09955737,0.00412493,0.041433,0.11747972,-0.01459817,10,10,0,4,meta-llama/Llama-3.1-8B-Instruct,5.82
HOMO_A,creative_rewrite_0,0,0.09165623,0.0051525,0.056215,0.11226031,-0.01047824,10,10,0,4,meta-llama/Llama-3.1-8B-Instruct,5.5
HOMO_A,creative_rewrite_0,1,0.09165623,0.0051525,0.056215,0.11226031,-0.01047824,10,10,0,4,meta-llama/Llama-3.1-8B-Instruct,5.09
HOMO_A,creative_rewrite_0,2,0.09165623,0.0051525,0.056215,0.11226031,-0.01047824,10,10,0,4,meta-llama/Llama-3.1-8B-Instruct,5.09
HOMO_A,creative_rewrite_0,3,0.09165623,0.0051525,0.056215,0.11226031,-0.01047824,10,10,0,4,meta-llama/Llama-3.1-8B-Instruct,5.11
HOMO_A,creative_rewrite_0,4,0.09165623,0.0051525,0.056215,0.11226031,-0.01047824,10,10,0,4,meta-llama/Llama-3.1-8B-Instruct,5.07
HOMO_A,creative_rewrite_1,0,0.08297465,0.00297817,0.035893,0.1123416,-0.00992649,10,10,0,4,meta-llama/Llama-3.1-8B-Instruct,5.26
HOMO_A,creative_rewrite_1,1,0.08297465,0.00297817,0.035893,0.1123416,-0.00992649,10,10,0,4,meta-llama/Llama-3.1-8B-Instruct,5.12
HOMO_A,creative_rewrite_1,2,0.08297465,0.00297817,0.035893,0.1123416,-0.00992649,10,10,0,4,meta-llama/Llama-3.1-8B-Instruct,5.14
HOMO_A,creative_rewrite_1,3,0.08297465,0.00297817,0.035893,0.1123416,-0.00992649,10,10,0,4,meta-llama/Llama-3.1-8B-Instruct,5.14
HOMO_A,creative_rewrite_1,4,0.08297465,0.00297817,0.035893,0.1123416,-0.00992649,10,10,0,4,meta-llama/Llama-3.1-8B-Instruct,5.18
HOMO_A,creative_rewrite_2,0,0.0915361,0.00414199,0.04525,0.1172072,-0.01061734,10,10,0,4,meta-llama/Llama-3.1-8B-Instruct,5.18
HOMO_A,creative_rewrite_2,1,0.0915361,0.00414199,0.04525,0.1172072,-0.01061734,10,10,0,4,meta-llama/Llama-3.1-8B-Instruct,5.15
HOMO_A,creative_rewrite_2,2,0.0915361,0.00414199,0.04525,0.1172072,-0.01061734,10,10,0,4,meta-llama/Llama-3.1-8B-Instruct,5.13
HOMO_A,creative_rewrite_2,3,0.0915361,0.00414199,0.04525,0.1172072,-0.01061734,10,10,0,4,meta-llama/Llama-3.1-8B-Instruct,5.18
HOMO_A,creative_rewrite_2,4,0.0915361,0.00414199,0.04525,0.1172072,-0.01061734,10,10,0,4,meta-llama/Llama-3.1-8B-Instruct,5.21
HOMO_A,creative_rewrite_3,0,0.09084488,0.00311502,0.034289,0.11970741,-0.01117935,10,10,0,4,meta-llama/Llama-3.1-8B-Instruct,5.21
HOMO_A,creative_rewrite_3,1,0.09084488,0.00311502,0.034289,0.11970741,-0.01117935,10,10,0,4,meta-llama/Llama-3.1-8B-Instruct,5.08
HOMO_A,creative_rewrite_3,2,0.09084488,0.00311502,0.034289,0.11970741,-0.01117935,10,10,0,4,meta-llama/Llama-3.1-8B-Instruct,5.14
HOMO_A,creative_rewrite_3,3,0.09084488,0.00311502,0.034289,0.11970741,-0.01117935,10,10,0,4,meta-llama/Llama-3.1-8B-Instruct,5.36
HOMO_A,creative_rewrite_3,4,0.09084488,0.00311502,0.034289,0.11970741,-0.01117935,10,10,0,4,meta-llama/Llama-3.1-8B-Instruct,5.28
HOMO_A,creative_rewrite_4,0,0.08865873,0.00381945,0.04308,0.11935691,-0.01050078,10,10,0,4,meta-llama/Llama-3.1-8B-Instruct,5.21
HOMO_A,creative_rewrite_4,1,0.08865873,0.00381945,0.04308,0.11935691,-0.01050078,10,10,0,4,meta-llama/Llama-3.1-8B-Instruct,5.61
HOMO_A,creative_rewrite_4,2,0.08865873,0.00381945,0.04308,0.11935691,-0.01050078,10,10,0,4,meta-llama/Llama-3.1-8B-Instruct,5.46
HOMO_A,creative_rewrite_4,3,0.08865873,0.00381945,0.04308,0.11935691,-0.01050078,10,10,0,4,meta-llama/Llama-3.1-8B-Instruct,5.23
HOMO_A,creative_rewrite_4,4,0.08865873,0.00381945,0.04308,0.11935691,-0.01050078,10,10,0,4,meta-llama/Llama-3.1-8B-Instruct,5.14
HOMO_A,creative_rewrite_5,0,0.09112194,0.0040895,0.044879,0.12715573,-0.01169816,10,10,0,4,meta-llama/Llama-3.1-8B-Instruct,5.19
HOMO_A,creative_rewrite_5,1,0.09112194,0.0040895,0.044879,0.12715573,-0.01169816,10,10,0,4,meta-llama/Llama-3.1-8B-Instruct,5.19
HOMO_A,creative_rewrite_5,2,0.09112194,0.0040895,0.044879,0.12715573,-0.01169816,10,10,0,4,meta-llama/Llama-3.1-8B-Instruct,5.18
HOMO_A,creative_rewrite_5,3,0.09112194,0.0040895,0.044879,0.12715573,-0.01169816,10,10,0,4,meta-llama/Llama-3.1-8B-Instruct,5.23
HOMO_A,creative_rewrite_5,4,0.09112194,0.0040895,0.044879,0.12715573,-0.01169816,10,10,0,4,meta-llama/Llama-3.1-8B-Instruct,5.13
HOMO_A,factual_qa_0,0,0.0813731,0.00222743,0.027373,0.12544339,-0.01206821,10,10,0,4,meta-llama/Llama-3.1-8B-Instruct,5.13
HOMO_A,factual_qa_0,1,0.0813731,0.00222743,0.027373,0.12544339,-0.01206821,10,10,0,4,meta-llama/Llama-3.1-8B-Instruct,5.12
HOMO_A,factual_qa_0,2,0.0813731,0.00222743,0.027373,0.12544339,-0.01206821,10,10,0,4,meta-llama/Llama-3.1-8B-Instruct,5.18
HOMO_A,factual_qa_0,3,0.0813731,0.00222743,0.027373,0.12544339,-0.01206821,10,10,0,4,meta-llama/Llama-3.1-8B-Instruct,5.43
HOMO_A,factual_qa_0,4,0.0813731,0.00222743,0.027373,0.12544339,-0.01206821,10,10,0,4,meta-llama/Llama-3.1-8B-Instruct,5.35
HOMO_A,factual_qa_1,0,0.07632615,0.00249461,0.032684,0.12064871,-0.01256789,10,10,0,4,meta-llama/Llama-3.1-8B-Instruct,5.32
HOMO_A,factual_qa_1,1,0.07632615,0.00249461,0.032684,0.12064871,-0.01256789,10,10,0,4,meta-llama/Llama-3.1-8B-Instruct,5.23
HOMO_A,factual_qa_1,2,0.07632615,0.00249461,0.032684,0.12064871,-0.01256789,10,10,0,4,meta-llama/Llama-3.1-8B-Instruct,5.3
HOMO_A,factual_qa_1,3,0.07632615,0.00249461,0.032684,0.12064871,-0.01256789,10,10,0,4,meta-llama/Llama-3.1-8B-Instruct,5.16
HOMO_A,factual_qa_1,4,0.07632615,0.00249461,0.032684,0.12064871,-0.01256789,10,10,0,4,meta-llama/Llama-3.1-8B-Instruct,5.6
HOMO_A,factual_qa_2,0,0.08480223,0.00323753,0.038177,0.11080225,-0.01220962,10,10,0,4,meta-llama/Llama-3.1-8B-Instruct,5.21
HOMO_A,factual_qa_2,1,0.08480223,0.00323753,0.038177,0.11080225,-0.01220962,10,10,0,4,meta-llama/Llama-3.1-8B-Instruct,5.29
HOMO_A,factual_qa_2,2,0.08480223,0.00323753,0.038177,0.11080225,-0.01220962,10,10,0,4,meta-llama/Llama-3.1-8B-Instruct,5.28
HOMO_A,factual_qa_2,3,0.08480223,0.00323753,0.038177,0.11080225,-0.01220962,10,10,0,4,meta-llama/Llama-3.1-8B-Instruct,5.28
HOMO_A,factual_qa_2,4,0.08480223,0.00323753,0.038177,0.11080225,-0.01220962,10,10,0,4,meta-llama/Llama-3.1-8B-Instruct,5.22
HOMO_A,factual_qa_3,0,0.08077939,0.00340471,0.042148,0.12008638,-0.01156512,10,10,0,4,meta-llama/Llama-3.1-8B-Instruct,5.27
HOMO_A,factual_qa_3,1,0.08077939,0.00340471,0.042148,0.12008638,-0.01156512,10,10,0,4,meta-llama/Llama-3.1-8B-Instruct,5.29
HOMO_A,factual_qa_3,2,0.08077939,0.00340471,0.042148,0.12008638,-0.01156512,10,10,0,4,meta-llama/Llama-3.1-8B-Instruct,5.22
HOMO_A,factual_qa_3,3,0.08077939,0.00340471,0.042148,0.12008638,-0.01156512,10,10,0,4,meta-llama/Llama-3.1-8B-Instruct,5.22
HOMO_A,factual_qa_3,4,0.08077939,0.00340471,0.042148,0.12008638,-0.01156512,10,10,0,4,meta-llama/Llama-3.1-8B-Instruct,5.24
HOMO_A,factual_qa_4,0,0.07380634,0.00200394,0.027151,0.11910885,-0.01216691,10,10,0,4,meta-llama/Llama-3.1-8B-Instruct,5.22
HOMO_A,factual_qa_4,1,0.07380634,0.00200394,0.027151,0.11910885,-0.01216691,10,10,0,4,meta-llama/Llama-3.1-8B-Instruct,5.28
HOMO_A,factual_qa_4,2,0.07380634,0.00200394,0.027151,0.11910885,-0.01216691,10,10,0,4,meta-llama/Llama-3.1-8B-Instruct,5.28
HOMO_A,factual_qa_4,3,0.07380634,0.00200394,0.027151,0.11910885,-0.01216691,10,10,0,4,meta-llama/Llama-3.1-8B-Instruct,5.23
HOMO_A,factual_qa_4,4,0.07380634,0.00200394,0.027151,0.11910885,-0.01216691,10,10,0,4,meta-llama/Llama-3.1-8B-Instruct,5.23
HOMO_A,factual_qa_5,0,0.07969657,0.00236732,0.029704,0.13477857,-0.01327813,10,10,0,4,meta-llama/Llama-3.1-8B-Instruct,5.47
HOMO_A,factual_qa_5,1,0.07969657,0.00236732,0.029704,0.13477857,-0.01327813,10,10,0,4,meta-llama/Llama-3.1-8B-Instruct,5.49
HOMO_A,factual_qa_5,2,0.07969657,0.00236732,0.029704,0.13477857,-0.01327813,10,10,0,4,meta-llama/Llama-3.1-8B-Instruct,5.43
HOMO_A,factual_qa_5,3,0.07969657,0.00236732,0.029704,0.13477857,-0.01327813,10,10,0,4,meta-llama/Llama-3.1-8B-Instruct,5.34
HOMO_A,factual_qa_5,4,0.07969657,0.00236732,0.029704,0.13477857,-0.01327813,10,10,0,4,meta-llama/Llama-3.1-8B-Instruct,5.34
HOMO_A,instruction_following_0,0,0.07919837,0.00219607,0.027729,0.12107543,-0.01037878,10,10,0,4,meta-llama/Llama-3.1-8B-Instruct,5.26
HOMO_A,instruction_following_0,1,0.07919837,0.00219607,0.027729,0.12107543,-0.01037878,10,10,0,4,meta-llama/Llama-3.1-8B-Instruct,5.23
HOMO_A,instruction_following_0,2,0.07919837,0.00219607,0.027729,0.12107543,-0.01037878,10,10,0,4,meta-llama/Llama-3.1-8B-Instruct,5.28
HOMO_A,instruction_following_0,3,0.07919837,0.00219607,0.027729,0.12107543,-0.01037878,10,10,0,4,meta-llama/Llama-3.1-8B-Instruct,5.21
HOMO_A,instruction_following_0,4,0.07919837,0.00219607,0.027729,0.12107543,-0.01037878,10,10,0,4,meta-llama/Llama-3.1-8B-Instruct,5.23
HOMO_A,instruction_following_1,0,0.08522188,0.00265941,0.031206,0.11322435,-0.01131123,10,10,0,4,meta-llama/Llama-3.1-8B-Instruct,5.22
HOMO_A,instruction_following_1,1,0.08522188,0.00265941,0.031206,0.11322435,-0.01131123,10,10,0,4,meta-llama/Llama-3.1-8B-Instruct,5.22
HOMO_A,instruction_following_1,2,0.08522188,0.00265941,0.031206,0.11322435,-0.01131123,10,10,0,4,meta-llama/Llama-3.1-8B-Instruct,5.19
HOMO_A,instruction_following_1,3,0.08522188,0.00265941,0.031206,0.11322435,-0.01131123,10,10,0,4,meta-llama/Llama-3.1-8B-Instruct,5.54
HOMO_A,instruction_following_1,4,0.08522188,0.00265941,0.031206,0.11322435,-0.01131123,10,10,0,4,meta-llama/Llama-3.1-8B-Instruct,5.85
HOMO_A,instruction_following_2,0,0.08795297,0.0030755,0.034968,0.11708149,-0.01193143,10,10,0,4,meta-llama/Llama-3.1-8B-Instruct,6.73
HOMO_A,instruction_following_2,1,0.08795297,0.0030755,0.034968,0.11708149,-0.01193143,10,10,0,4,meta-llama/Llama-3.1-8B-Instruct,6.63
HOMO_A,instruction_following_2,2,0.08795297,0.0030755,0.034968,0.11708149,-0.01193143,10,10,0,4,meta-llama/Llama-3.1-8B-Instruct,5.84
HOMO_A,instruction_following_2,3,0.08795297,0.0030755,0.034968,0.11708149,-0.01193143,10,10,0,4,meta-llama/Llama-3.1-8B-Instruct,6.09
HOMO_A,instruction_following_2,4,0.08795297,0.0030755,0.034968,0.11708149,-0.01193143,10,10,0,4,meta-llama/Llama-3.1-8B-Instruct,5.85
HOMO_A,instruction_following_3,0,0.08635101,0.00310487,0.035956,0.11515477,-0.01156003,10,10,0,4,meta-llama/Llama-3.1-8B-Instruct,5.99
HOMO_A,instruction_following_3,1,0.08635101,0.00310487,0.035956,0.11515477,-0.01156003,10,10,0,4,meta-llama/Llama-3.1-8B-Instruct,6.17
HOMO_A,instruction_following_3,2,0.08635101,0.00310487,0.035956,0.11515477,-0.01156003,10,10,0,4,meta-llama/Llama-3.1-8B-Instruct,5.53
HOMO_A,instruction_following_3,3,0.08635101,0.00310487,0.035956,0.11515477,-0.01156003,10,10,0,4,meta-llama/Llama-3.1-8B-Instruct,5.46
HOMO_A,instruction_following_3,4,0.08635101,0.00310487,0.035956,0.11515477,-0.01156003,10,10,0,4,meta-llama/Llama-3.1-8B-Instruct,6.03
HOMO_A,instruction_following_4,0,0.08652298,0.00156649,0.018105,0.12993274,-0.01211038,10,10,0,4,meta-llama/Llama-3.1-8B-Instruct,5.43
HOMO_A,instruction_following_4,1,0.08652298,0.00156649,0.018105,0.12993274,-0.01211038,10,10,0,4,meta-llama/Llama-3.1-8B-Instruct,5.37
HOMO_A,instruction_following_4,2,0.08652298,0.00156649,0.018105,0.12993274,-0.01211038,10,10,0,4,meta-llama/Llama-3.1-8B-Instruct,5.28
HOMO_A,instruction_following_4,3,0.08652298,0.00156649,0.018105,0.12993274,-0.01211038,10,10,0,4,meta-llama/Llama-3.1-8B-Instruct,5.22
HOMO_A,instruction_following_4,4,0.08652298,0.00156649,0.018105,0.12993274,-0.01211038,10,10,0,4,meta-llama/Llama-3.1-8B-Instruct,5.23
HOMO_A,instruction_following_5,0,0.09588192,0.00245235,0.025577,0.10211806,-0.01065787,10,10,0,4,meta-llama/Llama-3.1-8B-Instruct,5.28
HOMO_A,instruction_following_5,1,0.09588192,0.00245235,0.025577,0.10211806,-0.01065787,10,10,0,4,meta-llama/Llama-3.1-8B-Instruct,5.28
HOMO_A,instruction_following_5,2,0.09588192,0.00245235,0.025577,0.10211806,-0.01065787,10,10,0,4,meta-llama/Llama-3.1-8B-Instruct,5.13
HOMO_A,instruction_following_5,3,0.09588192,0.00245235,0.025577,0.10211806,-0.01065787,10,10,0,4,meta-llama/Llama-3.1-8B-Instruct,5.16
HOMO_A,instruction_following_5,4,0.09588192,0.00245235,0.025577,0.10211806,-0.01065787,10,10,0,4,meta-llama/Llama-3.1-8B-Instruct,5.18
HOMO_A,paraphrase_0,0,0.09811318,0.0042766,0.043588,0.11704717,-0.01164849,10,10,0,4,meta-llama/Llama-3.1-8B-Instruct,5.22
HOMO_A,paraphrase_0,1,0.09811318,0.0042766,0.043588,0.11704717,-0.01164849,10,10,0,4,meta-llama/Llama-3.1-8B-Instruct,5.21
HOMO_A,paraphrase_0,2,0.09811318,0.0042766,0.043588,0.11704717,-0.01164849,10,10,0,4,meta-llama/Llama-3.1-8B-Instruct,5.15
HOMO_A,paraphrase_0,3,0.09811318,0.0042766,0.043588,0.11704717,-0.01164849,10,10,0,4,meta-llama/Llama-3.1-8B-Instruct,5.24
HOMO_A,paraphrase_0,4,0.09811318,0.0042766,0.043588,0.11704717,-0.01164849,10,10,0,4,meta-llama/Llama-3.1-8B-Instruct,5.21
HOMO_A,paraphrase_1,0,0.1037042,0.0037742,0.036394,0.12652331,-0.01325967,10,10,0,4,meta-llama/Llama-3.1-8B-Instruct,5.17
HOMO_A,paraphrase_1,1,0.1037042,0.0037742,0.036394,0.12652331,-0.01325967,10,10,0,4,meta-llama/Llama-3.1-8B-Instruct,5.31
HOMO_A,paraphrase_1,2,0.1037042,0.0037742,0.036394,0.12652331,-0.01325967,10,10,0,4,meta-llama/Llama-3.1-8B-Instruct,5.2
HOMO_A,paraphrase_1,3,0.1037042,0.0037742,0.036394,0.12652331,-0.01325967,10,10,0,4,meta-llama/Llama-3.1-8B-Instruct,5.16
HOMO_A,paraphrase_1,4,0.1037042,0.0037742,0.036394,0.12652331,-0.01325967,10,10,0,4,meta-llama/Llama-3.1-8B-Instruct,5.23
HOMO_A,paraphrase_2,0,0.10314943,0.00487075,0.04722,0.13407243,-0.01443016,10,10,0,4,meta-llama/Llama-3.1-8B-Instruct,5.11
HOMO_A,paraphrase_2,1,0.10314943,0.00487075,0.04722,0.13407243,-0.01443016,10,10,0,4,meta-llama/Llama-3.1-8B-Instruct,5.17
HOMO_A,paraphrase_2,2,0.10314943,0.00487075,0.04722,0.13407243,-0.01443016,10,10,0,4,meta-llama/Llama-3.1-8B-Instruct,5.03
HOMO_A,paraphrase_2,3,0.10314943,0.00487075,0.04722,0.13407243,-0.01443016,10,10,0,4,meta-llama/Llama-3.1-8B-Instruct,5.47
HOMO_A,paraphrase_2,4,0.10314943,0.00487075,0.04722,0.13407243,-0.01443016,10,10,0,4,meta-llama/Llama-3.1-8B-Instruct,5.1
HOMO_A,paraphrase_3,0,0.10354068,0.00438007,0.042303,0.13485286,-0.01418232,10,10,0,4,meta-llama/Llama-3.1-8B-Instruct,5.67
HOMO_A,paraphrase_3,1,0.10354068,0.00438007,0.042303,0.13485286,-0.01418232,10,10,0,4,meta-llama/Llama-3.1-8B-Instruct,5.21
HOMO_A,paraphrase_3,2,0.10354068,0.00438007,0.042303,0.13485286,-0.01418232,10,10,0,4,meta-llama/Llama-3.1-8B-Instruct,5.17
HOMO_A,paraphrase_3,3,0.10354068,0.00438007,0.042303,0.13485286,-0.01418232,10,10,0,4,meta-llama/Llama-3.1-8B-Instruct,5.14
HOMO_A,paraphrase_3,4,0.10354068,0.00438007,0.042303,0.13485286,-0.01418232,10,10,0,4,meta-llama/Llama-3.1-8B-Instruct,5.14
HOMO_A,paraphrase_4,0,0.09780584,0.00409188,0.041837,0.12749014,-0.01241638,10,10,0,4,meta-llama/Llama-3.1-8B-Instruct,5.12
HOMO_A,paraphrase_4,1,0.09780584,0.00409188,0.041837,0.12749014,-0.01241638,10,10,0,4,meta-llama/Llama-3.1-8B-Instruct,5.08
HOMO_A,paraphrase_4,2,0.09780584,0.00409188,0.041837,0.12749014,-0.01241638,10,10,0,4,meta-llama/Llama-3.1-8B-Instruct,4.99
HOMO_A,paraphrase_4,3,0.09780584,0.00409188,0.041837,0.12749014,-0.01241638,10,10,0,4,meta-llama/Llama-3.1-8B-Instruct,5.26
HOMO_A,paraphrase_4,4,0.09780584,0.00409188,0.041837,0.12749014,-0.01241638,10,10,0,4,meta-llama/Llama-3.1-8B-Instruct,5.29
HOMO_A,paraphrase_5,0,0.0956998,0.0028524,0.029806,0.12875369,-0.01247663,10,10,0,4,meta-llama/Llama-3.1-8B-Instruct,5.24
HOMO_A,paraphrase_5,1,0.0956998,0.0028524,0.029806,0.12875369,-0.01247663,10,10,0,4,meta-llama/Llama-3.1-8B-Instruct,5.26
HOMO_A,paraphrase_5,2,0.0956998,0.0028524,0.029806,0.12875369,-0.01247663,10,10,0,4,meta-llama/Llama-3.1-8B-Instruct,5.2
HOMO_A,paraphrase_5,3,0.0956998,0.0028524,0.029806,0.12875369,-0.01247663,10,10,0,4,meta-llama/Llama-3.1-8B-Instruct,5.19
HOMO_A,paraphrase_5,4,0.0956998,0.0028524,0.029806,0.12875369,-0.01247663,10,10,0,4,meta-llama/Llama-3.1-8B-Instruct,5.1
HOMO_A,planning_0,0,0.08253047,0.00494658,0.059936,0.11065636,-0.01061382,10,10,0,4,meta-llama/Llama-3.1-8B-Instruct,5.16
HOMO_A,planning_0,1,0.08253047,0.00494658,0.059936,0.11065636,-0.01061382,10,10,0,4,meta-llama/Llama-3.1-8B-Instruct,5.22
HOMO_A,planning_0,2,0.08253047,0.00494658,0.059936,0.11065636,-0.01061382,10,10,0,4,meta-llama/Llama-3.1-8B-Instruct,5.3
HOMO_A,planning_0,3,0.08253047,0.00494658,0.059936,0.11065636,-0.01061382,10,10,0,4,meta-llama/Llama-3.1-8B-Instruct,5.25
HOMO_A,planning_0,4,0.08253047,0.00494658,0.059936,0.11065636,-0.01061382,10,10,0,4,meta-llama/Llama-3.1-8B-Instruct,5.28
HOMO_A,planning_1,0,0.08190583,0.00224595,0.027421,0.1186731,-0.01249707,10,10,0,4,meta-llama/Llama-3.1-8B-Instruct,5.28
HOMO_A,planning_1,1,0.08190583,0.00224595,0.027421,0.1186731,-0.01249707,10,10,0,4,meta-llama/Llama-3.1-8B-Instruct,5.24
HOMO_A,planning_1,2,0.08190583,0.00224595,0.027421,0.1186731,-0.01249707,10,10,0,4,meta-llama/Llama-3.1-8B-Instruct,5.32
HOMO_A,planning_1,3,0.08190583,0.00224595,0.027421,0.1186731,-0.01249707,10,10,0,4,meta-llama/Llama-3.1-8B-Instruct,5.22
HOMO_A,planning_1,4,0.08190583,0.00224595,0.027421,0.1186731,-0.01249707,10,10,0,4,meta-llama/Llama-3.1-8B-Instruct,5.26
HOMO_A,planning_2,0,0.10000208,0.00267085,0.026708,0.12930932,-0.01583416,10,10,0,4,meta-llama/Llama-3.1-8B-Instruct,5.32
HOMO_A,planning_2,1,0.10000208,0.00267085,0.026708,0.12930932,-0.01583416,10,10,0,4,meta-llama/Llama-3.1-8B-Instruct,5.29
HOMO_A,planning_2,2,0.10000208,0.00267085,0.026708,0.12930932,-0.01583416,10,10,0,4,meta-llama/Llama-3.1-8B-Instruct,5.27
HOMO_A,planning_2,3,0.10000208,0.00267085,0.026708,0.12930932,-0.01583416,10,10,0,4,meta-llama/Llama-3.1-8B-Instruct,5.18
HOMO_A,planning_2,4,0.10000208,0.00267085,0.026708,0.12930932,-0.01583416,10,10,0,4,meta-llama/Llama-3.1-8B-Instruct,5.38
HOMO_A,planning_3,0,0.08786475,0.00403209,0.04589,0.12254695,-0.01213524,10,10,0,4,meta-llama/Llama-3.1-8B-Instruct,5.23
HOMO_A,planning_3,1,0.08786475,0.00403209,0.04589,0.12254695,-0.01213524,10,10,0,4,meta-llama/Llama-3.1-8B-Instruct,5.31
HOMO_A,planning_3,2,0.08786475,0.00403209,0.04589,0.12254695,-0.01213524,10,10,0,4,meta-llama/Llama-3.1-8B-Instruct,5.22
HOMO_A,planning_3,3,0.08786475,0.00403209,0.04589,0.12254695,-0.01213524,10,10,0,4,meta-llama/Llama-3.1-8B-Instruct,5.19
HOMO_A,planning_3,4,0.08786475,0.00403209,0.04589,0.12254695,-0.01213524,10,10,0,4,meta-llama/Llama-3.1-8B-Instruct,5.18
HOMO_A,planning_4,0,0.08041252,0.00282244,0.035099,0.10999066,-0.01031175,10,10,0,4,meta-llama/Llama-3.1-8B-Instruct,5.17
HOMO_A,planning_4,1,0.08041252,0.00282244,0.035099,0.10999066,-0.01031175,10,10,0,4,meta-llama/Llama-3.1-8B-Instruct,5.28
HOMO_A,planning_4,2,0.08041252,0.00282244,0.035099,0.10999066,-0.01031175,10,10,0,4,meta-llama/Llama-3.1-8B-Instruct,5.19
HOMO_A,planning_4,3,0.08041252,0.00282244,0.035099,0.10999066,-0.01031175,10,10,0,4,meta-llama/Llama-3.1-8B-Instruct,5.21
HOMO_A,planning_4,4,0.08041252,0.00282244,0.035099,0.10999066,-0.01031175,10,10,0,4,meta-llama/Llama-3.1-8B-Instruct,5.23
HOMO_A,planning_5,0,0.08198692,0.00424928,0.051829,0.10836591,-0.01155213,10,10,0,4,meta-llama/Llama-3.1-8B-Instruct,5.18
HOMO_A,planning_5,1,0.08198692,0.00424928,0.051829,0.10836591,-0.01155213,10,10,0,4,meta-llama/Llama-3.1-8B-Instruct,5.28
HOMO_A,planning_5,2,0.08198692,0.00424928,0.051829,0.10836591,-0.01155213,10,10,0,4,meta-llama/Llama-3.1-8B-Instruct,5.25
HOMO_A,planning_5,3,0.08198692,0.00424928,0.051829,0.10836591,-0.01155213,10,10,0,4,meta-llama/Llama-3.1-8B-Instruct,5.25
HOMO_A,planning_5,4,0.08198692,0.00424928,0.051829,0.10836591,-0.01155213,10,10,0,4,meta-llama/Llama-3.1-8B-Instruct,5.41
HOMO_B,argumentative_0,0,0.13553132,0.00288495,0.021286,0.481024,-0.03748241,10,10,0,4,Qwen/Qwen2.5-7B-Instruct,5.41
HOMO_B,argumentative_0,1,0.13553132,0.00288495,0.021286,0.481024,-0.03748241,10,10,0,4,Qwen/Qwen2.5-7B-Instruct,3.34
HOMO_B,argumentative_0,2,0.13553132,0.00288495,0.021286,0.481024,-0.03748241,10,10,0,4,Qwen/Qwen2.5-7B-Instruct,3.37
HOMO_B,argumentative_0,3,0.13553132,0.00288495,0.021286,0.481024,-0.03748241,10,10,0,4,Qwen/Qwen2.5-7B-Instruct,3.34
HOMO_B,argumentative_0,4,0.13553132,0.00288495,0.021286,0.481024,-0.03748241,10,10,0,4,Qwen/Qwen2.5-7B-Instruct,3.32
HOMO_B,argumentative_1,0,0.12971166,0.00380815,0.029359,0.48939127,-0.03970723,10,10,0,4,Qwen/Qwen2.5-7B-Instruct,3.61
HOMO_B,argumentative_1,1,0.12971166,0.00380815,0.029359,0.48939127,-0.03970723,10,10,0,4,Qwen/Qwen2.5-7B-Instruct,3.34
HOMO_B,argumentative_1,2,0.12971166,0.00380815,0.029359,0.48939127,-0.03970723,10,10,0,4,Qwen/Qwen2.5-7B-Instruct,3.31
HOMO_B,argumentative_1,3,0.12971166,0.00380815,0.029359,0.48939127,-0.03970723,10,10,0,4,Qwen/Qwen2.5-7B-Instruct,3.44
HOMO_B,argumentative_1,4,0.12971166,0.00380815,0.029359,0.48939127,-0.03970723,10,10,0,4,Qwen/Qwen2.5-7B-Instruct,3.46
HOMO_B,argumentative_2,0,0.13510877,0.00396141,0.02932,0.46758505,-0.03782776,10,10,0,4,Qwen/Qwen2.5-7B-Instruct,3.39
HOMO_B,argumentative_2,1,0.13510877,0.00396141,0.02932,0.46758505,-0.03782776,10,10,0,4,Qwen/Qwen2.5-7B-Instruct,3.48
HOMO_B,argumentative_2,2,0.13510877,0.00396141,0.02932,0.46758505,-0.03782776,10,10,0,4,Qwen/Qwen2.5-7B-Instruct,3.5
HOMO_B,argumentative_2,3,0.13510877,0.00396141,0.02932,0.46758505,-0.03782776,10,10,0,4,Qwen/Qwen2.5-7B-Instruct,3.44
HOMO_B,argumentative_2,4,0.13510877,0.00396141,0.02932,0.46758505,-0.03782776,10,10,0,4,Qwen/Qwen2.5-7B-Instruct,3.53
HOMO_B,argumentative_3,0,0.13407079,0.00315645,0.023543,0.51973352,-0.03969039,10,10,0,4,Qwen/Qwen2.5-7B-Instruct,3.49
HOMO_B,argumentative_3,1,0.13407079,0.00315645,0.023543,0.51973352,-0.03969039,10,10,0,4,Qwen/Qwen2.5-7B-Instruct,3.4
HOMO_B,argumentative_3,2,0.13407079,0.00315645,0.023543,0.51973352,-0.03969039,10,10,0,4,Qwen/Qwen2.5-7B-Instruct,3.46
HOMO_B,argumentative_3,3,0.13407079,0.00315645,0.023543,0.51973352,-0.03969039,10,10,0,4,Qwen/Qwen2.5-7B-Instruct,3.44
HOMO_B,argumentative_3,4,0.13407079,0.00315645,0.023543,0.51973352,-0.03969039,10,10,0,4,Qwen/Qwen2.5-7B-Instruct,3.52
HOMO_B,argumentative_4,0,0.12601522,0.00345305,0.027402,0.4914854,-0.03830493,10,10,0,4,Qwen/Qwen2.5-7B-Instruct,3.44
HOMO_B,argumentative_4,1,0.12601522,0.00345305,0.027402,0.4914854,-0.03830493,10,10,0,4,Qwen/Qwen2.5-7B-Instruct,3.4
HOMO_B,argumentative_4,2,0.12601522,0.00345305,0.027402,0.4914854,-0.03830493,10,10,0,4,Qwen/Qwen2.5-7B-Instruct,3.41
HOMO_B,argumentative_4,3,0.12601522,0.00345305,0.027402,0.4914854,-0.03830493,10,10,0,4,Qwen/Qwen2.5-7B-Instruct,3.35
HOMO_B,argumentative_4,4,0.12601522,0.00345305,0.027402,0.4914854,-0.03830493,10,10,0,4,Qwen/Qwen2.5-7B-Instruct,3.41
HOMO_B,argumentative_5,0,0.13088985,0.00309804,0.023669,0.51314736,-0.04050974,10,10,0,4,Qwen/Qwen2.5-7B-Instruct,3.41
HOMO_B,argumentative_5,1,0.13088985,0.00309804,0.023669,0.51314736,-0.04050974,10,10,0,4,Qwen/Qwen2.5-7B-Instruct,3.42
HOMO_B,argumentative_5,2,0.13088985,0.00309804,0.023669,0.51314736,-0.04050974,10,10,0,4,Qwen/Qwen2.5-7B-Instruct,3.37
HOMO_B,argumentative_5,3,0.13088985,0.00309804,0.023669,0.51314736,-0.04050974,10,10,0,4,Qwen/Qwen2.5-7B-Instruct,3.42
HOMO_B,argumentative_5,4,0.13088985,0.00309804,0.023669,0.51314736,-0.04050974,10,10,0,4,Qwen/Qwen2.5-7B-Instruct,3.4
HOMO_B,creative_rewrite_0,0,0.13904729,0.00361624,0.026007,0.49115546,-0.03643897,10,10,0,4,Qwen/Qwen2.5-7B-Instruct,3.42
HOMO_B,creative_rewrite_0,1,0.13904729,0.00361624,0.026007,0.49115546,-0.03643897,10,10,0,4,Qwen/Qwen2.5-7B-Instruct,3.3
HOMO_B,creative_rewrite_0,2,0.13904729,0.00361624,0.026007,0.49115546,-0.03643897,10,10,0,4,Qwen/Qwen2.5-7B-Instruct,3.32
HOMO_B,creative_rewrite_0,3,0.13904729,0.00361624,0.026007,0.49115546,-0.03643897,10,10,0,4,Qwen/Qwen2.5-7B-Instruct,3.21
HOMO_B,creative_rewrite_0,4,0.13904729,0.00361624,0.026007,0.49115546,-0.03643897,10,10,0,4,Qwen/Qwen2.5-7B-Instruct,3.41
HOMO_B,creative_rewrite_1,0,0.1272522,0.00246445,0.019367,0.48234421,-0.03671261,10,10,0,4,Qwen/Qwen2.5-7B-Instruct,3.22
HOMO_B,creative_rewrite_1,1,0.1272522,0.00246445,0.019367,0.48234421,-0.03671261,10,10,0,4,Qwen/Qwen2.5-7B-Instruct,3.45
HOMO_B,creative_rewrite_1,2,0.1272522,0.00246445,0.019367,0.48234421,-0.03671261,10,10,0,4,Qwen/Qwen2.5-7B-Instruct,3.39
HOMO_B,creative_rewrite_1,3,0.1272522,0.00246445,0.019367,0.48234421,-0.03671261,10,10,0,4,Qwen/Qwen2.5-7B-Instruct,3.38
HOMO_B,creative_rewrite_1,4,0.1272522,0.00246445,0.019367,0.48234421,-0.03671261,10,10,0,4,Qwen/Qwen2.5-7B-Instruct,3.28
HOMO_B,creative_rewrite_2,0,0.13560345,0.0047931,0.035346,0.4727542,-0.03658446,10,10,0,4,Qwen/Qwen2.5-7B-Instruct,3.47
HOMO_B,creative_rewrite_2,1,0.13560345,0.0047931,0.035346,0.4727542,-0.03658446,10,10,0,4,Qwen/Qwen2.5-7B-Instruct,3.39
HOMO_B,creative_rewrite_2,2,0.13560345,0.0047931,0.035346,0.4727542,-0.03658446,10,10,0,4,Qwen/Qwen2.5-7B-Instruct,3.45
HOMO_B,creative_rewrite_2,3,0.13560345,0.0047931,0.035346,0.4727542,-0.03658446,10,10,0,4,Qwen/Qwen2.5-7B-Instruct,3.45
HOMO_B,creative_rewrite_2,4,0.13560345,0.0047931,0.035346,0.4727542,-0.03658446,10,10,0,4,Qwen/Qwen2.5-7B-Instruct,3.4
HOMO_B,creative_rewrite_3,0,0.13836035,0.00355369,0.025684,0.4799113,-0.03511898,10,10,0,4,Qwen/Qwen2.5-7B-Instruct,3.48
HOMO_B,creative_rewrite_3,1,0.13836035,0.00355369,0.025684,0.4799113,-0.03511898,10,10,0,4,Qwen/Qwen2.5-7B-Instruct,3.46
HOMO_B,creative_rewrite_3,2,0.13836035,0.00355369,0.025684,0.4799113,-0.03511898,10,10,0,4,Qwen/Qwen2.5-7B-Instruct,3.42
HOMO_B,creative_rewrite_3,3,0.13836035,0.00355369,0.025684,0.4799113,-0.03511898,10,10,0,4,Qwen/Qwen2.5-7B-Instruct,3.42
HOMO_B,creative_rewrite_3,4,0.13836035,0.00355369,0.025684,0.4799113,-0.03511898,10,10,0,4,Qwen/Qwen2.5-7B-Instruct,3.43
HOMO_B,creative_rewrite_4,0,0.14003432,0.00385733,0.027546,0.49303303,-0.03650167,10,10,0,4,Qwen/Qwen2.5-7B-Instruct,3.43
HOMO_B,creative_rewrite_4,1,0.14003432,0.00385733,0.027546,0.49303303,-0.03650167,10,10,0,4,Qwen/Qwen2.5-7B-Instruct,3.44
HOMO_B,creative_rewrite_4,2,0.14003432,0.00385733,0.027546,0.49303303,-0.03650167,10,10,0,4,Qwen/Qwen2.5-7B-Instruct,3.39
HOMO_B,creative_rewrite_4,3,0.14003432,0.00385733,0.027546,0.49303303,-0.03650167,10,10,0,4,Qwen/Qwen2.5-7B-Instruct,3.46
HOMO_B,creative_rewrite_4,4,0.14003432,0.00385733,0.027546,0.49303303,-0.03650167,10,10,0,4,Qwen/Qwen2.5-7B-Instruct,3.44
HOMO_B,creative_rewrite_5,0,0.13925806,0.00234414,0.016833,0.45901265,-0.03421816,10,10,0,4,Qwen/Qwen2.5-7B-Instruct,3.38
HOMO_B,creative_rewrite_5,1,0.13925806,0.00234414,0.016833,0.45901265,-0.03421816,10,10,0,4,Qwen/Qwen2.5-7B-Instruct,3.43
HOMO_B,creative_rewrite_5,2,0.13925806,0.00234414,0.016833,0.45901265,-0.03421816,10,10,0,4,Qwen/Qwen2.5-7B-Instruct,3.42
HOMO_B,creative_rewrite_5,3,0.13925806,0.00234414,0.016833,0.45901265,-0.03421816,10,10,0,4,Qwen/Qwen2.5-7B-Instruct,3.42
HOMO_B,creative_rewrite_5,4,0.13925806,0.00234414,0.016833,0.45901265,-0.03421816,10,10,0,4,Qwen/Qwen2.5-7B-Instruct,3.38
HOMO_B,factual_qa_0,0,0.12246773,0.00261857,0.021382,0.46720537,-0.03650424,10,10,0,4,Qwen/Qwen2.5-7B-Instruct,3.43
HOMO_B,factual_qa_0,1,0.12246773,0.00261857,0.021382,0.46720537,-0.03650424,10,10,0,4,Qwen/Qwen2.5-7B-Instruct,3.44
HOMO_B,factual_qa_0,2,0.12246773,0.00261857,0.021382,0.46720537,-0.03650424,10,10,0,4,Qwen/Qwen2.5-7B-Instruct,3.44
HOMO_B,factual_qa_0,3,0.12246773,0.00261857,0.021382,0.46720537,-0.03650424,10,10,0,4,Qwen/Qwen2.5-7B-Instruct,3.39
HOMO_B,factual_qa_0,4,0.12246773,0.00261857,0.021382,0.46720537,-0.03650424,10,10,0,4,Qwen/Qwen2.5-7B-Instruct,3.28
HOMO_B,factual_qa_1,0,0.119099,0.00505398,0.042435,0.49592074,-0.0388175,10,10,0,4,Qwen/Qwen2.5-7B-Instruct,3.43
HOMO_B,factual_qa_1,1,0.119099,0.00505398,0.042435,0.49592074,-0.0388175,10,10,0,4,Qwen/Qwen2.5-7B-Instruct,3.33
HOMO_B,factual_qa_1,2,0.119099,0.00505398,0.042435,0.49592074,-0.0388175,10,10,0,4,Qwen/Qwen2.5-7B-Instruct,3.44
HOMO_B,factual_qa_1,3,0.119099,0.00505398,0.042435,0.49592074,-0.0388175,10,10,0,4,Qwen/Qwen2.5-7B-Instruct,3.42
HOMO_B,factual_qa_1,4,0.119099,0.00505398,0.042435,0.49592074,-0.0388175,10,10,0,4,Qwen/Qwen2.5-7B-Instruct,3.42
HOMO_B,factual_qa_2,0,0.13551776,0.00386612,0.028529,0.50281039,-0.03790922,10,10,0,4,Qwen/Qwen2.5-7B-Instruct,3.43
HOMO_B,factual_qa_2,1,0.13551776,0.00386612,0.028529,0.50281039,-0.03790922,10,10,0,4,Qwen/Qwen2.5-7B-Instruct,3.37
HOMO_B,factual_qa_2,2,0.13551776,0.00386612,0.028529,0.50281039,-0.03790922,10,10,0,4,Qwen/Qwen2.5-7B-Instruct,3.43
HOMO_B,factual_qa_2,3,0.13551776,0.00386612,0.028529,0.50281039,-0.03790922,10,10,0,4,Qwen/Qwen2.5-7B-Instruct,3.43
HOMO_B,factual_qa_2,4,0.13551776,0.00386612,0.028529,0.50281039,-0.03790922,10,10,0,4,Qwen/Qwen2.5-7B-Instruct,3.43
HOMO_B,factual_qa_3,0,0.12064149,0.00356419,0.029544,0.52474887,-0.0399884,10,10,0,4,Qwen/Qwen2.5-7B-Instruct,3.38
HOMO_B,factual_qa_3,1,0.12064149,0.00356419,0.029544,0.52474887,-0.0399884,10,10,0,4,Qwen/Qwen2.5-7B-Instruct,3.43
HOMO_B,factual_qa_3,2,0.12064149,0.00356419,0.029544,0.52474887,-0.0399884,10,10,0,4,Qwen/Qwen2.5-7B-Instruct,3.42
HOMO_B,factual_qa_3,3,0.12064149,0.00356419,0.029544,0.52474887,-0.0399884,10,10,0,4,Qwen/Qwen2.5-7B-Instruct,3.32
HOMO_B,factual_qa_3,4,0.12064149,0.00356419,0.029544,0.52474887,-0.0399884,10,10,0,4,Qwen/Qwen2.5-7B-Instruct,3.22
HOMO_B,factual_qa_4,0,0.1308489,0.00634235,0.048471,0.50110846,-0.04100276,10,10,0,4,Qwen/Qwen2.5-7B-Instruct,3.22
HOMO_B,factual_qa_4,1,0.1308489,0.00634235,0.048471,0.50110846,-0.04100276,10,10,0,4,Qwen/Qwen2.5-7B-Instruct,3.29
HOMO_B,factual_qa_4,2,0.1308489,0.00634235,0.048471,0.50110846,-0.04100276,10,10,0,4,Qwen/Qwen2.5-7B-Instruct,3.38
HOMO_B,factual_qa_4,3,0.1308489,0.00634235,0.048471,0.50110846,-0.04100276,10,10,0,4,Qwen/Qwen2.5-7B-Instruct,3.32
HOMO_B,factual_qa_4,4,0.1308489,0.00634235,0.048471,0.50110846,-0.04100276,10,10,0,4,Qwen/Qwen2.5-7B-Instruct,3.27
HOMO_B,factual_qa_5,0,0.12276706,0.00284909,0.023207,0.51777216,-0.04105115,10,10,0,4,Qwen/Qwen2.5-7B-Instruct,3.38
HOMO_B,factual_qa_5,1,0.12276706,0.00284909,0.023207,0.51777216,-0.04105115,10,10,0,4,Qwen/Qwen2.5-7B-Instruct,3.37
HOMO_B,factual_qa_5,2,0.12276706,0.00284909,0.023207,0.51777216,-0.04105115,10,10,0,4,Qwen/Qwen2.5-7B-Instruct,3.39
HOMO_B,factual_qa_5,3,0.12276706,0.00284909,0.023207,0.51777216,-0.04105115,10,10,0,4,Qwen/Qwen2.5-7B-Instruct,3.42
HOMO_B,factual_qa_5,4,0.12276706,0.00284909,0.023207,0.51777216,-0.04105115,10,10,0,4,Qwen/Qwen2.5-7B-Instruct,3.22
HOMO_B,instruction_following_0,0,0.13091097,0.00364132,0.027815,0.48837185,-0.03543306,10,10,0,4,Qwen/Qwen2.5-7B-Instruct,3.28
HOMO_B,instruction_following_0,1,0.13091097,0.00364132,0.027815,0.48837185,-0.03543306,10,10,0,4,Qwen/Qwen2.5-7B-Instruct,3.44
HOMO_B,instruction_following_0,2,0.13091097,0.00364132,0.027815,0.48837185,-0.03543306,10,10,0,4,Qwen/Qwen2.5-7B-Instruct,3.45
HOMO_B,instruction_following_0,3,0.13091097,0.00364132,0.027815,0.48837185,-0.03543306,10,10,0,4,Qwen/Qwen2.5-7B-Instruct,3.41
HOMO_B,instruction_following_0,4,0.13091097,0.00364132,0.027815,0.48837185,-0.03543306,10,10,0,4,Qwen/Qwen2.5-7B-Instruct,3.48
HOMO_B,instruction_following_1,0,0.12694333,0.00299825,0.023619,0.47219339,-0.03617758,10,10,0,4,Qwen/Qwen2.5-7B-Instruct,3.42
HOMO_B,instruction_following_1,1,0.12694333,0.00299825,0.023619,0.47219339,-0.03617758,10,10,0,4,Qwen/Qwen2.5-7B-Instruct,3.38
HOMO_B,instruction_following_1,2,0.12694333,0.00299825,0.023619,0.47219339,-0.03617758,10,10,0,4,Qwen/Qwen2.5-7B-Instruct,3.42
HOMO_B,instruction_following_1,3,0.12694333,0.00299825,0.023619,0.47219339,-0.03617758,10,10,0,4,Qwen/Qwen2.5-7B-Instruct,3.43
HOMO_B,instruction_following_1,4,0.12694333,0.00299825,0.023619,0.47219339,-0.03617758,10,10,0,4,Qwen/Qwen2.5-7B-Instruct,3.41
HOMO_B,instruction_following_2,0,0.1285421,0.00395867,0.030797,0.44131258,-0.03607863,10,10,0,4,Qwen/Qwen2.5-7B-Instruct,3.36
HOMO_B,instruction_following_2,1,0.1285421,0.00395867,0.030797,0.44131258,-0.03607863,10,10,0,4,Qwen/Qwen2.5-7B-Instruct,3.42
HOMO_B,instruction_following_2,2,0.1285421,0.00395867,0.030797,0.44131258,-0.03607863,10,10,0,4,Qwen/Qwen2.5-7B-Instruct,3.41
HOMO_B,instruction_following_2,3,0.1285421,0.00395867,0.030797,0.44131258,-0.03607863,10,10,0,4,Qwen/Qwen2.5-7B-Instruct,3.36
HOMO_B,instruction_following_2,4,0.1285421,0.00395867,0.030797,0.44131258,-0.03607863,10,10,0,4,Qwen/Qwen2.5-7B-Instruct,3.42
HOMO_B,instruction_following_3,0,0.14178432,0.00239114,0.016865,0.46196072,-0.03265164,10,10,0,4,Qwen/Qwen2.5-7B-Instruct,3.43
HOMO_B,instruction_following_3,1,0.14178432,0.00239114,0.016865,0.46196072,-0.03265164,10,10,0,4,Qwen/Qwen2.5-7B-Instruct,3.43
HOMO_B,instruction_following_3,2,0.14178432,0.00239114,0.016865,0.46196072,-0.03265164,10,10,0,4,Qwen/Qwen2.5-7B-Instruct,3.37
HOMO_B,instruction_following_3,3,0.14178432,0.00239114,0.016865,0.46196072,-0.03265164,10,10,0,4,Qwen/Qwen2.5-7B-Instruct,3.44
HOMO_B,instruction_following_3,4,0.14178432,0.00239114,0.016865,0.46196072,-0.03265164,10,10,0,4,Qwen/Qwen2.5-7B-Instruct,3.38
HOMO_B,instruction_following_4,0,0.13916591,0.00239776,0.017229,0.49855514,-0.03545245,10,10,0,4,Qwen/Qwen2.5-7B-Instruct,3.44
HOMO_B,instruction_following_4,1,0.13916591,0.00239776,0.017229,0.49855514,-0.03545245,10,10,0,4,Qwen/Qwen2.5-7B-Instruct,3.36
HOMO_B,instruction_following_4,2,0.13916591,0.00239776,0.017229,0.49855514,-0.03545245,10,10,0,4,Qwen/Qwen2.5-7B-Instruct,3.45
HOMO_B,instruction_following_4,3,0.13916591,0.00239776,0.017229,0.49855514,-0.03545245,10,10,0,4,Qwen/Qwen2.5-7B-Instruct,3.44
HOMO_B,instruction_following_4,4,0.13916591,0.00239776,0.017229,0.49855514,-0.03545245,10,10,0,4,Qwen/Qwen2.5-7B-Instruct,3.46
HOMO_B,instruction_following_5,0,0.12749993,0.0022367,0.017543,0.41946701,-0.03286691,10,10,0,4,Qwen/Qwen2.5-7B-Instruct,3.52
HOMO_B,instruction_following_5,1,0.12749993,0.0022367,0.017543,0.41946701,-0.03286691,10,10,0,4,Qwen/Qwen2.5-7B-Instruct,3.46
HOMO_B,instruction_following_5,2,0.12749993,0.0022367,0.017543,0.41946701,-0.03286691,10,10,0,4,Qwen/Qwen2.5-7B-Instruct,3.53
HOMO_B,instruction_following_5,3,0.12749993,0.0022367,0.017543,0.41946701,-0.03286691,10,10,0,4,Qwen/Qwen2.5-7B-Instruct,3.5
HOMO_B,instruction_following_5,4,0.12749993,0.0022367,0.017543,0.41946701,-0.03286691,10,10,0,4,Qwen/Qwen2.5-7B-Instruct,3.46
HOMO_B,paraphrase_0,0,0.13421056,0.00424432,0.031624,0.44507437,-0.03427324,10,10,0,4,Qwen/Qwen2.5-7B-Instruct,3.42
HOMO_B,paraphrase_0,1,0.13421056,0.00424432,0.031624,0.44507437,-0.03427324,10,10,0,4,Qwen/Qwen2.5-7B-Instruct,3.42
HOMO_B,paraphrase_0,2,0.13421056,0.00424432,0.031624,0.44507437,-0.03427324,10,10,0,4,Qwen/Qwen2.5-7B-Instruct,3.37
HOMO_B,paraphrase_0,3,0.13421056,0.00424432,0.031624,0.44507437,-0.03427324,10,10,0,4,Qwen/Qwen2.5-7B-Instruct,3.42
HOMO_B,paraphrase_0,4,0.13421056,0.00424432,0.031624,0.44507437,-0.03427324,10,10,0,4,Qwen/Qwen2.5-7B-Instruct,3.42
HOMO_B,paraphrase_1,0,0.13857554,0.00443108,0.031976,0.49175431,-0.03716828,10,10,0,4,Qwen/Qwen2.5-7B-Instruct,3.44
HOMO_B,paraphrase_1,1,0.13857554,0.00443108,0.031976,0.49175431,-0.03716828,10,10,0,4,Qwen/Qwen2.5-7B-Instruct,3.38
HOMO_B,paraphrase_1,2,0.13857554,0.00443108,0.031976,0.49175431,-0.03716828,10,10,0,4,Qwen/Qwen2.5-7B-Instruct,3.44
HOMO_B,paraphrase_1,3,0.13857554,0.00443108,0.031976,0.49175431,-0.03716828,10,10,0,4,Qwen/Qwen2.5-7B-Instruct,3.43
HOMO_B,paraphrase_1,4,0.13857554,0.00443108,0.031976,0.49175431,-0.03716828,10,10,0,4,Qwen/Qwen2.5-7B-Instruct,3.43
HOMO_B,paraphrase_2,0,0.13435905,0.00401431,0.029877,0.4869465,-0.03781123,10,10,0,4,Qwen/Qwen2.5-7B-Instruct,3.38
HOMO_B,paraphrase_2,1,0.13435905,0.00401431,0.029877,0.4869465,-0.03781123,10,10,0,4,Qwen/Qwen2.5-7B-Instruct,3.43
HOMO_B,paraphrase_2,2,0.13435905,0.00401431,0.029877,0.4869465,-0.03781123,10,10,0,4,Qwen/Qwen2.5-7B-Instruct,3.44
HOMO_B,paraphrase_2,3,0.13435905,0.00401431,0.029877,0.4869465,-0.03781123,10,10,0,4,Qwen/Qwen2.5-7B-Instruct,3.45
HOMO_B,paraphrase_2,4,0.13435905,0.00401431,0.029877,0.4869465,-0.03781123,10,10,0,4,Qwen/Qwen2.5-7B-Instruct,3.38
HOMO_B,paraphrase_3,0,0.14297839,0.00617837,0.043212,0.51145058,-0.03880132,10,10,0,4,Qwen/Qwen2.5-7B-Instruct,3.43
HOMO_B,paraphrase_3,1,0.14297839,0.00617837,0.043212,0.51145058,-0.03880132,10,10,0,4,Qwen/Qwen2.5-7B-Instruct,3.43
HOMO_B,paraphrase_3,2,0.14297839,0.00617837,0.043212,0.51145058,-0.03880132,10,10,0,4,Qwen/Qwen2.5-7B-Instruct,3.45
HOMO_B,paraphrase_3,3,0.14297839,0.00617837,0.043212,0.51145058,-0.03880132,10,10,0,4,Qwen/Qwen2.5-7B-Instruct,3.44
HOMO_B,paraphrase_3,4,0.14297839,0.00617837,0.043212,0.51145058,-0.03880132,10,10,0,4,Qwen/Qwen2.5-7B-Instruct,3.38
HOMO_B,paraphrase_4,0,0.13364818,0.00645196,0.048276,0.47236314,-0.03550517,10,10,0,4,Qwen/Qwen2.5-7B-Instruct,3.42
HOMO_B,paraphrase_4,1,0.13364818,0.00645196,0.048276,0.47236314,-0.03550517,10,10,0,4,Qwen/Qwen2.5-7B-Instruct,3.41
HOMO_B,paraphrase_4,2,0.13364818,0.00645196,0.048276,0.47236314,-0.03550517,10,10,0,4,Qwen/Qwen2.5-7B-Instruct,3.37
HOMO_B,paraphrase_4,3,0.13364818,0.00645196,0.048276,0.47236314,-0.03550517,10,10,0,4,Qwen/Qwen2.5-7B-Instruct,3.42
HOMO_B,paraphrase_4,4,0.13364818,0.00645196,0.048276,0.47236314,-0.03550517,10,10,0,4,Qwen/Qwen2.5-7B-Instruct,3.42
HOMO_B,paraphrase_5,0,0.13292357,0.00725501,0.05458,0.50623891,-0.03774005,10,10,0,4,Qwen/Qwen2.5-7B-Instruct,3.44
HOMO_B,paraphrase_5,1,0.13292357,0.00725501,0.05458,0.50623891,-0.03774005,10,10,0,4,Qwen/Qwen2.5-7B-Instruct,3.39
HOMO_B,paraphrase_5,2,0.13292357,0.00725501,0.05458,0.50623891,-0.03774005,10,10,0,4,Qwen/Qwen2.5-7B-Instruct,3.43
HOMO_B,paraphrase_5,3,0.13292357,0.00725501,0.05458,0.50623891,-0.03774005,10,10,0,4,Qwen/Qwen2.5-7B-Instruct,3.44
HOMO_B,paraphrase_5,4,0.13292357,0.00725501,0.05458,0.50623891,-0.03774005,10,10,0,4,Qwen/Qwen2.5-7B-Instruct,3.44
HOMO_B,planning_0,0,0.11886847,0.00202876,0.017067,0.50657735,-0.03896434,10,10,0,4,Qwen/Qwen2.5-7B-Instruct,3.39
HOMO_B,planning_0,1,0.11886847,0.00202876,0.017067,0.50657735,-0.03896434,10,10,0,4,Qwen/Qwen2.5-7B-Instruct,3.43
HOMO_B,planning_0,2,0.11886847,0.00202876,0.017067,0.50657735,-0.03896434,10,10,0,4,Qwen/Qwen2.5-7B-Instruct,3.42
HOMO_B,planning_0,3,0.11886847,0.00202876,0.017067,0.50657735,-0.03896434,10,10,0,4,Qwen/Qwen2.5-7B-Instruct,3.37
HOMO_B,planning_0,4,0.11886847,0.00202876,0.017067,0.50657735,-0.03896434,10,10,0,4,Qwen/Qwen2.5-7B-Instruct,3.43
HOMO_B,planning_1,0,0.12047712,0.00338612,0.028106,0.53078209,-0.0409043,10,10,0,4,Qwen/Qwen2.5-7B-Instruct,3.43
HOMO_B,planning_1,1,0.12047712,0.00338612,0.028106,0.53078209,-0.0409043,10,10,0,4,Qwen/Qwen2.5-7B-Instruct,3.47
HOMO_B,planning_1,2,0.12047712,0.00338612,0.028106,0.53078209,-0.0409043,10,10,0,4,Qwen/Qwen2.5-7B-Instruct,3.46
HOMO_B,planning_1,3,0.12047712,0.00338612,0.028106,0.53078209,-0.0409043,10,10,0,4,Qwen/Qwen2.5-7B-Instruct,3.38
HOMO_B,planning_1,4,0.12047712,0.00338612,0.028106,0.53078209,-0.0409043,10,10,0,4,Qwen/Qwen2.5-7B-Instruct,3.43
HOMO_B,planning_2,0,0.13628792,0.00168427,0.012358,0.53832802,-0.04237738,10,10,0,4,Qwen/Qwen2.5-7B-Instruct,3.43
HOMO_B,planning_2,1,0.13628792,0.00168427,0.012358,0.53832802,-0.04237738,10,10,0,4,Qwen/Qwen2.5-7B-Instruct,3.38
HOMO_B,planning_2,2,0.13628792,0.00168427,0.012358,0.53832802,-0.04237738,10,10,0,4,Qwen/Qwen2.5-7B-Instruct,3.43
HOMO_B,planning_2,3,0.13628792,0.00168427,0.012358,0.53832802,-0.04237738,10,10,0,4,Qwen/Qwen2.5-7B-Instruct,3.42
HOMO_B,planning_2,4,0.13628792,0.00168427,0.012358,0.53832802,-0.04237738,10,10,0,4,Qwen/Qwen2.5-7B-Instruct,3.44
HOMO_B,planning_3,0,0.13035978,0.00287308,0.02204,0.55999652,-0.04214911,10,10,0,4,Qwen/Qwen2.5-7B-Instruct,3.38
HOMO_B,planning_3,1,0.13035978,0.00287308,0.02204,0.55999652,-0.04214911,10,10,0,4,Qwen/Qwen2.5-7B-Instruct,3.43
HOMO_B,planning_3,2,0.13035978,0.00287308,0.02204,0.55999652,-0.04214911,10,10,0,4,Qwen/Qwen2.5-7B-Instruct,3.42
HOMO_B,planning_3,3,0.13035978,0.00287308,0.02204,0.55999652,-0.04214911,10,10,0,4,Qwen/Qwen2.5-7B-Instruct,3.42
HOMO_B,planning_3,4,0.13035978,0.00287308,0.02204,0.55999652,-0.04214911,10,10,0,4,Qwen/Qwen2.5-7B-Instruct,3.39
HOMO_B,planning_4,0,0.12127953,0.00220264,0.018162,0.50501968,-0.03835074,10,10,0,4,Qwen/Qwen2.5-7B-Instruct,3.42
HOMO_B,planning_4,1,0.12127953,0.00220264,0.018162,0.50501968,-0.03835074,10,10,0,4,Qwen/Qwen2.5-7B-Instruct,3.42
HOMO_B,planning_4,2,0.12127953,0.00220264,0.018162,0.50501968,-0.03835074,10,10,0,4,Qwen/Qwen2.5-7B-Instruct,3.42
HOMO_B,planning_4,3,0.12127953,0.00220264,0.018162,0.50501968,-0.03835074,10,10,0,4,Qwen/Qwen2.5-7B-Instruct,3.36
HOMO_B,planning_4,4,0.12127953,0.00220264,0.018162,0.50501968,-0.03835074,10,10,0,4,Qwen/Qwen2.5-7B-Instruct,3.42
HOMO_B,planning_5,0,0.11233942,0.00302215,0.026902,0.48688769,-0.04031228,10,10,0,4,Qwen/Qwen2.5-7B-Instruct,3.41
HOMO_B,planning_5,1,0.11233942,0.00302215,0.026902,0.48688769,-0.04031228,10,10,0,4,Qwen/Qwen2.5-7B-Instruct,3.37
HOMO_B,planning_5,2,0.11233942,0.00302215,0.026902,0.48688769,-0.04031228,10,10,0,4,Qwen/Qwen2.5-7B-Instruct,3.42
HOMO_B,planning_5,3,0.11233942,0.00302215,0.026902,0.48688769,-0.04031228,10,10,0,4,Qwen/Qwen2.5-7B-Instruct,3.42
HOMO_B,planning_5,4,0.11233942,0.00302215,0.026902,0.48688769,-0.04031228,10,10,0,4,Qwen/Qwen2.5-7B-Instruct,3.42
HOMO_C,argumentative_0,0,0.14961918,0.02518004,0.168294,0.24207668,-0.02140258,10,10,0,4,mistralai/Mistral-7B-Instruct-v0.3,4.18
HOMO_C,argumentative_0,1,0.14961918,0.02518004,0.168294,0.24207668,-0.02140258,10,10,0,4,mistralai/Mistral-7B-Instruct-v0.3,3.36
HOMO_C,argumentative_0,2,0.14961918,0.02518004,0.168294,0.24207668,-0.02140258,10,10,0,4,mistralai/Mistral-7B-Instruct-v0.3,3.37
HOMO_C,argumentative_0,3,0.14961918,0.02518004,0.168294,0.24207668,-0.02140258,10,10,0,4,mistralai/Mistral-7B-Instruct-v0.3,3.35
HOMO_C,argumentative_0,4,0.14961918,0.02518004,0.168294,0.24207668,-0.02140258,10,10,0,4,mistralai/Mistral-7B-Instruct-v0.3,3.34
HOMO_C,argumentative_1,0,0.10027351,0.00246409,0.024574,0.05165742,-0.00854261,10,10,0,4,mistralai/Mistral-7B-Instruct-v0.3,3.37
HOMO_C,argumentative_1,1,0.10027351,0.00246409,0.024574,0.05165742,-0.00854261,10,10,0,4,mistralai/Mistral-7B-Instruct-v0.3,3.37
HOMO_C,argumentative_1,2,0.10027351,0.00246409,0.024574,0.05165742,-0.00854261,10,10,0,4,mistralai/Mistral-7B-Instruct-v0.3,3.37
HOMO_C,argumentative_1,3,0.10027351,0.00246409,0.024574,0.05165742,-0.00854261,10,10,0,4,mistralai/Mistral-7B-Instruct-v0.3,3.36
HOMO_C,argumentative_1,4,0.10027351,0.00246409,0.024574,0.05165742,-0.00854261,10,10,0,4,mistralai/Mistral-7B-Instruct-v0.3,3.36
HOMO_C,argumentative_2,0,0.11324036,0.00328568,0.029015,0.04938076,-0.00808337,10,10,0,4,mistralai/Mistral-7B-Instruct-v0.3,3.35
HOMO_C,argumentative_2,1,0.11324036,0.00328568,0.029015,0.04938076,-0.00808337,10,10,0,4,mistralai/Mistral-7B-Instruct-v0.3,3.35
HOMO_C,argumentative_2,2,0.11324036,0.00328568,0.029015,0.04938076,-0.00808337,10,10,0,4,mistralai/Mistral-7B-Instruct-v0.3,5.1
HOMO_C,argumentative_2,3,0.11324036,0.00328568,0.029015,0.04938076,-0.00808337,10,10,0,4,mistralai/Mistral-7B-Instruct-v0.3,3.85
HOMO_C,argumentative_2,4,0.11324036,0.00328568,0.029015,0.04938076,-0.00808337,10,10,0,4,mistralai/Mistral-7B-Instruct-v0.3,3.82
HOMO_C,argumentative_3,0,0.11138013,0.00305949,0.027469,0.05402335,-0.0076794,10,10,0,4,mistralai/Mistral-7B-Instruct-v0.3,3.96
HOMO_C,argumentative_3,1,0.11138013,0.00305949,0.027469,0.05402335,-0.0076794,10,10,0,4,mistralai/Mistral-7B-Instruct-v0.3,3.97
HOMO_C,argumentative_3,2,0.11138013,0.00305949,0.027469,0.05402335,-0.0076794,10,10,0,4,mistralai/Mistral-7B-Instruct-v0.3,3.98
HOMO_C,argumentative_3,3,0.11138013,0.00305949,0.027469,0.05402335,-0.0076794,10,10,0,4,mistralai/Mistral-7B-Instruct-v0.3,3.99
HOMO_C,argumentative_3,4,0.11138013,0.00305949,0.027469,0.05402335,-0.0076794,10,10,0,4,mistralai/Mistral-7B-Instruct-v0.3,3.83
HOMO_C,argumentative_4,0,0.10303869,0.00361105,0.035046,0.04845155,-0.0071484,10,10,0,4,mistralai/Mistral-7B-Instruct-v0.3,4.03
HOMO_C,argumentative_4,1,0.10303869,0.00361105,0.035046,0.04845155,-0.0071484,10,10,0,4,mistralai/Mistral-7B-Instruct-v0.3,3.94
HOMO_C,argumentative_4,2,0.10303869,0.00361105,0.035046,0.04845155,-0.0071484,10,10,0,4,mistralai/Mistral-7B-Instruct-v0.3,3.95
HOMO_C,argumentative_4,3,0.10303869,0.00361105,0.035046,0.04845155,-0.0071484,10,10,0,4,mistralai/Mistral-7B-Instruct-v0.3,4.02
HOMO_C,argumentative_4,4,0.10303869,0.00361105,0.035046,0.04845155,-0.0071484,10,10,0,4,mistralai/Mistral-7B-Instruct-v0.3,3.95
HOMO_C,argumentative_5,0,0.10709538,0.00382333,0.0357,0.04980001,-0.00818561,10,10,0,4,mistralai/Mistral-7B-Instruct-v0.3,4.27
HOMO_C,argumentative_5,1,0.10709538,0.00382333,0.0357,0.04980001,-0.00818561,10,10,0,4,mistralai/Mistral-7B-Instruct-v0.3,3.87
HOMO_C,argumentative_5,2,0.10709538,0.00382333,0.0357,0.04980001,-0.00818561,10,10,0,4,mistralai/Mistral-7B-Instruct-v0.3,3.97
HOMO_C,argumentative_5,3,0.10709538,0.00382333,0.0357,0.04980001,-0.00818561,10,10,0,4,mistralai/Mistral-7B-Instruct-v0.3,4.01
HOMO_C,argumentative_5,4,0.10709538,0.00382333,0.0357,0.04980001,-0.00818561,10,10,0,4,mistralai/Mistral-7B-Instruct-v0.3,3.94
HOMO_C,creative_rewrite_0,0,0.1625083,0.01739552,0.107044,0.27287182,-0.02318747,10,10,0,4,mistralai/Mistral-7B-Instruct-v0.3,3.96
HOMO_C,creative_rewrite_0,1,0.1625083,0.01739552,0.107044,0.27287182,-0.02318747,10,10,0,4,mistralai/Mistral-7B-Instruct-v0.3,3.87
HOMO_C,creative_rewrite_0,2,0.1625083,0.01739552,0.107044,0.27287182,-0.02318747,10,10,0,4,mistralai/Mistral-7B-Instruct-v0.3,3.96
HOMO_C,creative_rewrite_0,3,0.1625083,0.01739552,0.107044,0.27287182,-0.02318747,10,10,0,4,mistralai/Mistral-7B-Instruct-v0.3,3.96
HOMO_C,creative_rewrite_0,4,0.1625083,0.01739552,0.107044,0.27287182,-0.02318747,10,10,0,4,mistralai/Mistral-7B-Instruct-v0.3,4.01
HOMO_C,creative_rewrite_1,0,0.15552328,0.01796299,0.1155,0.27180929,-0.02319758,10,10,0,4,mistralai/Mistral-7B-Instruct-v0.3,3.97
HOMO_C,creative_rewrite_1,1,0.15552328,0.01796299,0.1155,0.27180929,-0.02319758,10,10,0,4,mistralai/Mistral-7B-Instruct-v0.3,3.99
HOMO_C,creative_rewrite_1,2,0.15552328,0.01796299,0.1155,0.27180929,-0.02319758,10,10,0,4,mistralai/Mistral-7B-Instruct-v0.3,4.0
HOMO_C,creative_rewrite_1,3,0.15552328,0.01796299,0.1155,0.27180929,-0.02319758,10,10,0,4,mistralai/Mistral-7B-Instruct-v0.3,3.94
HOMO_C,creative_rewrite_1,4,0.15552328,0.01796299,0.1155,0.27180929,-0.02319758,10,10,0,4,mistralai/Mistral-7B-Instruct-v0.3,3.82
HOMO_C,creative_rewrite_2,0,0.10953534,0.00225108,0.020551,0.05346111,-0.00728634,10,10,0,4,mistralai/Mistral-7B-Instruct-v0.3,3.98
HOMO_C,creative_rewrite_2,1,0.10953534,0.00225108,0.020551,0.05346111,-0.00728634,10,10,0,4,mistralai/Mistral-7B-Instruct-v0.3,3.91
HOMO_C,creative_rewrite_2,2,0.10953534,0.00225108,0.020551,0.05346111,-0.00728634,10,10,0,4,mistralai/Mistral-7B-Instruct-v0.3,3.96
HOMO_C,creative_rewrite_2,3,0.10953534,0.00225108,0.020551,0.05346111,-0.00728634,10,10,0,4,mistralai/Mistral-7B-Instruct-v0.3,3.94
HOMO_C,creative_rewrite_2,4,0.10953534,0.00225108,0.020551,0.05346111,-0.00728634,10,10,0,4,mistralai/Mistral-7B-Instruct-v0.3,3.96
HOMO_C,creative_rewrite_3,0,0.16956777,0.01875641,0.110613,0.26836949,-0.02401982,10,10,0,4,mistralai/Mistral-7B-Instruct-v0.3,3.84
HOMO_C,creative_rewrite_3,1,0.16956777,0.01875641,0.110613,0.26836949,-0.02401982,10,10,0,4,mistralai/Mistral-7B-Instruct-v0.3,3.92
HOMO_C,creative_rewrite_3,2,0.16956777,0.01875641,0.110613,0.26836949,-0.02401982,10,10,0,4,mistralai/Mistral-7B-Instruct-v0.3,3.96
HOMO_C,creative_rewrite_3,3,0.16956777,0.01875641,0.110613,0.26836949,-0.02401982,10,10,0,4,mistralai/Mistral-7B-Instruct-v0.3,4.03
HOMO_C,creative_rewrite_3,4,0.16956777,0.01875641,0.110613,0.26836949,-0.02401982,10,10,0,4,mistralai/Mistral-7B-Instruct-v0.3,3.97
HOMO_C,creative_rewrite_4,0,0.1703733,0.01727635,0.101403,0.27221113,-0.0238635,10,10,0,4,mistralai/Mistral-7B-Instruct-v0.3,3.99
HOMO_C,creative_rewrite_4,1,0.1703733,0.01727635,0.101403,0.27221113,-0.0238635,10,10,0,4,mistralai/Mistral-7B-Instruct-v0.3,3.83
HOMO_C,creative_rewrite_4,2,0.1703733,0.01727635,0.101403,0.27221113,-0.0238635,10,10,0,4,mistralai/Mistral-7B-Instruct-v0.3,3.94
HOMO_C,creative_rewrite_4,3,0.1703733,0.01727635,0.101403,0.27221113,-0.0238635,10,10,0,4,mistralai/Mistral-7B-Instruct-v0.3,3.95
HOMO_C,creative_rewrite_4,4,0.1703733,0.01727635,0.101403,0.27221113,-0.0238635,10,10,0,4,mistralai/Mistral-7B-Instruct-v0.3,4.0
HOMO_C,creative_rewrite_5,0,0.16723456,0.01778107,0.106324,0.2779792,-0.02398102,10,10,0,4,mistralai/Mistral-7B-Instruct-v0.3,3.94
HOMO_C,creative_rewrite_5,1,0.16723456,0.01778107,0.106324,0.2779792,-0.02398102,10,10,0,4,mistralai/Mistral-7B-Instruct-v0.3,3.94
HOMO_C,creative_rewrite_5,2,0.16723456,0.01778107,0.106324,0.2779792,-0.02398102,10,10,0,4,mistralai/Mistral-7B-Instruct-v0.3,3.95
HOMO_C,creative_rewrite_5,3,0.16723456,0.01778107,0.106324,0.2779792,-0.02398102,10,10,0,4,mistralai/Mistral-7B-Instruct-v0.3,3.84
HOMO_C,creative_rewrite_5,4,0.16723456,0.01778107,0.106324,0.2779792,-0.02398102,10,10,0,4,mistralai/Mistral-7B-Instruct-v0.3,3.98
HOMO_C,factual_qa_0,0,0.10602435,0.00374813,0.035352,0.05527888,-0.00855643,10,10,0,4,mistralai/Mistral-7B-Instruct-v0.3,3.94
HOMO_C,factual_qa_0,1,0.10602435,0.00374813,0.035352,0.05527888,-0.00855643,10,10,0,4,mistralai/Mistral-7B-Instruct-v0.3,4.0
HOMO_C,factual_qa_0,2,0.10602435,0.00374813,0.035352,0.05527888,-0.00855643,10,10,0,4,mistralai/Mistral-7B-Instruct-v0.3,3.96
HOMO_C,factual_qa_0,3,0.10602435,0.00374813,0.035352,0.05527888,-0.00855643,10,10,0,4,mistralai/Mistral-7B-Instruct-v0.3,3.96
HOMO_C,factual_qa_0,4,0.10602435,0.00374813,0.035352,0.05527888,-0.00855643,10,10,0,4,mistralai/Mistral-7B-Instruct-v0.3,3.82
HOMO_C,factual_qa_1,0,0.09052342,0.00409197,0.045203,0.06701695,-0.00995112,10,10,0,4,mistralai/Mistral-7B-Instruct-v0.3,3.97
HOMO_C,factual_qa_1,1,0.09052342,0.00409197,0.045203,0.06701695,-0.00995112,10,10,0,4,mistralai/Mistral-7B-Instruct-v0.3,4.02
HOMO_C,factual_qa_1,2,0.09052342,0.00409197,0.045203,0.06701695,-0.00995112,10,10,0,4,mistralai/Mistral-7B-Instruct-v0.3,3.97
HOMO_C,factual_qa_1,3,0.09052342,0.00409197,0.045203,0.06701695,-0.00995112,10,10,0,4,mistralai/Mistral-7B-Instruct-v0.3,4.02
HOMO_C,factual_qa_1,4,0.09052342,0.00409197,0.045203,0.06701695,-0.00995112,10,10,0,4,mistralai/Mistral-7B-Instruct-v0.3,3.98
HOMO_C,factual_qa_2,0,0.1005909,0.00306382,0.030458,0.06088427,-0.00897558,10,10,0,4,mistralai/Mistral-7B-Instruct-v0.3,3.99
HOMO_C,factual_qa_2,1,0.1005909,0.00306382,0.030458,0.06088427,-0.00897558,10,10,0,4,mistralai/Mistral-7B-Instruct-v0.3,3.78
HOMO_C,factual_qa_2,2,0.1005909,0.00306382,0.030458,0.06088427,-0.00897558,10,10,0,4,mistralai/Mistral-7B-Instruct-v0.3,3.97
HOMO_C,factual_qa_2,3,0.1005909,0.00306382,0.030458,0.06088427,-0.00897558,10,10,0,4,mistralai/Mistral-7B-Instruct-v0.3,3.96
HOMO_C,factual_qa_2,4,0.1005909,0.00306382,0.030458,0.06088427,-0.00897558,10,10,0,4,mistralai/Mistral-7B-Instruct-v0.3,3.98
HOMO_C,factual_qa_3,0,0.14568711,0.0233182,0.160057,0.23996514,-0.02173807,10,10,0,4,mistralai/Mistral-7B-Instruct-v0.3,3.98
HOMO_C,factual_qa_3,1,0.14568711,0.0233182,0.160057,0.23996514,-0.02173807,10,10,0,4,mistralai/Mistral-7B-Instruct-v0.3,3.82
HOMO_C,factual_qa_3,2,0.14568711,0.0233182,0.160057,0.23996514,-0.02173807,10,10,0,4,mistralai/Mistral-7B-Instruct-v0.3,3.93
HOMO_C,factual_qa_3,3,0.14568711,0.0233182,0.160057,0.23996514,-0.02173807,10,10,0,4,mistralai/Mistral-7B-Instruct-v0.3,3.99
HOMO_C,factual_qa_3,4,0.14568711,0.0233182,0.160057,0.23996514,-0.02173807,10,10,0,4,mistralai/Mistral-7B-Instruct-v0.3,3.94
HOMO_C,factual_qa_4,0,0.10360365,0.00421474,0.040681,0.06915673,-0.01110167,10,10,0,4,mistralai/Mistral-7B-Instruct-v0.3,3.82
HOMO_C,factual_qa_4,1,0.10360365,0.00421474,0.040681,0.06915673,-0.01110167,10,10,0,4,mistralai/Mistral-7B-Instruct-v0.3,4.01
HOMO_C,factual_qa_4,2,0.10360365,0.00421474,0.040681,0.06915673,-0.01110167,10,10,0,4,mistralai/Mistral-7B-Instruct-v0.3,3.93
HOMO_C,factual_qa_4,3,0.10360365,0.00421474,0.040681,0.06915673,-0.01110167,10,10,0,4,mistralai/Mistral-7B-Instruct-v0.3,3.97
HOMO_C,factual_qa_4,4,0.10360365,0.00421474,0.040681,0.06915673,-0.01110167,10,10,0,4,mistralai/Mistral-7B-Instruct-v0.3,3.8
HOMO_C,factual_qa_5,0,0.09776182,0.00442716,0.045285,0.06558527,-0.00931148,10,10,0,4,mistralai/Mistral-7B-Instruct-v0.3,3.93
HOMO_C,factual_qa_5,1,0.09776182,0.00442716,0.045285,0.06558527,-0.00931148,10,10,0,4,mistralai/Mistral-7B-Instruct-v0.3,4.0
HOMO_C,factual_qa_5,2,0.09776182,0.00442716,0.045285,0.06558527,-0.00931148,10,10,0,4,mistralai/Mistral-7B-Instruct-v0.3,3.97
HOMO_C,factual_qa_5,3,0.09776182,0.00442716,0.045285,0.06558527,-0.00931148,10,10,0,4,mistralai/Mistral-7B-Instruct-v0.3,3.99
HOMO_C,factual_qa_5,4,0.09776182,0.00442716,0.045285,0.06558527,-0.00931148,10,10,0,4,mistralai/Mistral-7B-Instruct-v0.3,3.81
HOMO_C,instruction_following_0,0,0.09977053,0.00197495,0.019795,0.05464153,-0.00757969,10,10,0,4,mistralai/Mistral-7B-Instruct-v0.3,3.91
HOMO_C,instruction_following_0,1,0.09977053,0.00197495,0.019795,0.05464153,-0.00757969,10,10,0,4,mistralai/Mistral-7B-Instruct-v0.3,3.97
HOMO_C,instruction_following_0,2,0.09977053,0.00197495,0.019795,0.05464153,-0.00757969,10,10,0,4,mistralai/Mistral-7B-Instruct-v0.3,3.93
HOMO_C,instruction_following_0,3,0.09977053,0.00197495,0.019795,0.05464153,-0.00757969,10,10,0,4,mistralai/Mistral-7B-Instruct-v0.3,4.01
HOMO_C,instruction_following_0,4,0.09977053,0.00197495,0.019795,0.05464153,-0.00757969,10,10,0,4,mistralai/Mistral-7B-Instruct-v0.3,3.94
HOMO_C,instruction_following_1,0,0.10574589,0.0022185,0.02098,0.05472473,-0.00856875,10,10,0,4,mistralai/Mistral-7B-Instruct-v0.3,3.78
HOMO_C,instruction_following_1,1,0.10574589,0.0022185,0.02098,0.05472473,-0.00856875,10,10,0,4,mistralai/Mistral-7B-Instruct-v0.3,3.96
HOMO_C,instruction_following_1,2,0.10574589,0.0022185,0.02098,0.05472473,-0.00856875,10,10,0,4,mistralai/Mistral-7B-Instruct-v0.3,3.96
HOMO_C,instruction_following_1,3,0.10574589,0.0022185,0.02098,0.05472473,-0.00856875,10,10,0,4,mistralai/Mistral-7B-Instruct-v0.3,3.94
HOMO_C,instruction_following_1,4,0.10574589,0.0022185,0.02098,0.05472473,-0.00856875,10,10,0,4,mistralai/Mistral-7B-Instruct-v0.3,3.94
HOMO_C,instruction_following_2,0,0.10561922,0.00399653,0.037839,0.05290112,-0.00803178,10,10,0,4,mistralai/Mistral-7B-Instruct-v0.3,3.81
HOMO_C,instruction_following_2,1,0.10561922,0.00399653,0.037839,0.05290112,-0.00803178,10,10,0,4,mistralai/Mistral-7B-Instruct-v0.3,3.97
HOMO_C,instruction_following_2,2,0.10561922,0.00399653,0.037839,0.05290112,-0.00803178,10,10,0,4,mistralai/Mistral-7B-Instruct-v0.3,3.9
HOMO_C,instruction_following_2,3,0.10561922,0.00399653,0.037839,0.05290112,-0.00803178,10,10,0,4,mistralai/Mistral-7B-Instruct-v0.3,3.89
HOMO_C,instruction_following_2,4,0.10561922,0.00399653,0.037839,0.05290112,-0.00803178,10,10,0,4,mistralai/Mistral-7B-Instruct-v0.3,3.91
HOMO_C,instruction_following_3,0,0.11912702,0.01015369,0.085234,0.12132037,-0.01310751,10,10,0,4,mistralai/Mistral-7B-Instruct-v0.3,3.99
HOMO_C,instruction_following_3,1,0.11912702,0.01015369,0.085234,0.12132037,-0.01310751,10,10,0,4,mistralai/Mistral-7B-Instruct-v0.3,3.79
HOMO_C,instruction_following_3,2,0.11912702,0.01015369,0.085234,0.12132037,-0.01310751,10,10,0,4,mistralai/Mistral-7B-Instruct-v0.3,4.0
HOMO_C,instruction_following_3,3,0.11912702,0.01015369,0.085234,0.12132037,-0.01310751,10,10,0,4,mistralai/Mistral-7B-Instruct-v0.3,3.93
HOMO_C,instruction_following_3,4,0.11912702,0.01015369,0.085234,0.12132037,-0.01310751,10,10,0,4,mistralai/Mistral-7B-Instruct-v0.3,3.98
HOMO_C,instruction_following_4,0,0.10426169,0.00362321,0.034751,0.06500477,-0.00970841,10,10,0,4,mistralai/Mistral-7B-Instruct-v0.3,3.77
HOMO_C,instruction_following_4,1,0.10426169,0.00362321,0.034751,0.06500477,-0.00970841,10,10,0,4,mistralai/Mistral-7B-Instruct-v0.3,3.93
HOMO_C,instruction_following_4,2,0.10426169,0.00362321,0.034751,0.06500477,-0.00970841,10,10,0,4,mistralai/Mistral-7B-Instruct-v0.3,3.99
HOMO_C,instruction_following_4,3,0.10426169,0.00362321,0.034751,0.06500477,-0.00970841,10,10,0,4,mistralai/Mistral-7B-Instruct-v0.3,4.03
HOMO_C,instruction_following_4,4,0.10426169,0.00362321,0.034751,0.06500477,-0.00970841,10,10,0,4,mistralai/Mistral-7B-Instruct-v0.3,3.98
HOMO_C,instruction_following_5,0,0.10070371,0.00240993,0.023931,0.04587619,-0.00748431,10,10,0,4,mistralai/Mistral-7B-Instruct-v0.3,3.83
HOMO_C,instruction_following_5,1,0.10070371,0.00240993,0.023931,0.04587619,-0.00748431,10,10,0,4,mistralai/Mistral-7B-Instruct-v0.3,3.95
HOMO_C,instruction_following_5,2,0.10070371,0.00240993,0.023931,0.04587619,-0.00748431,10,10,0,4,mistralai/Mistral-7B-Instruct-v0.3,3.98
HOMO_C,instruction_following_5,3,0.10070371,0.00240993,0.023931,0.04587619,-0.00748431,10,10,0,4,mistralai/Mistral-7B-Instruct-v0.3,3.94
HOMO_C,instruction_following_5,4,0.10070371,0.00240993,0.023931,0.04587619,-0.00748431,10,10,0,4,mistralai/Mistral-7B-Instruct-v0.3,3.99
HOMO_C,paraphrase_0,0,0.10246241,0.0033977,0.03316,0.05780269,-0.00950361,10,10,0,4,mistralai/Mistral-7B-Instruct-v0.3,3.78
HOMO_C,paraphrase_0,1,0.10246241,0.0033977,0.03316,0.05780269,-0.00950361,10,10,0,4,mistralai/Mistral-7B-Instruct-v0.3,3.99
HOMO_C,paraphrase_0,2,0.10246241,0.0033977,0.03316,0.05780269,-0.00950361,10,10,0,4,mistralai/Mistral-7B-Instruct-v0.3,3.94
HOMO_C,paraphrase_0,3,0.10246241,0.0033977,0.03316,0.05780269,-0.00950361,10,10,0,4,mistralai/Mistral-7B-Instruct-v0.3,3.95
HOMO_C,paraphrase_0,4,0.10246241,0.0033977,0.03316,0.05780269,-0.00950361,10,10,0,4,mistralai/Mistral-7B-Instruct-v0.3,3.94
HOMO_C,paraphrase_1,0,0.10697275,0.00448651,0.041941,0.06998341,-0.01009964,10,10,0,4,mistralai/Mistral-7B-Instruct-v0.3,3.84
HOMO_C,paraphrase_1,1,0.10697275,0.00448651,0.041941,0.06998341,-0.01009964,10,10,0,4,mistralai/Mistral-7B-Instruct-v0.3,3.96
HOMO_C,paraphrase_1,2,0.10697275,0.00448651,0.041941,0.06998341,-0.01009964,10,10,0,4,mistralai/Mistral-7B-Instruct-v0.3,3.98
HOMO_C,paraphrase_1,3,0.10697275,0.00448651,0.041941,0.06998341,-0.01009964,10,10,0,4,mistralai/Mistral-7B-Instruct-v0.3,3.9
HOMO_C,paraphrase_1,4,0.10697275,0.00448651,0.041941,0.06998341,-0.01009964,10,10,0,4,mistralai/Mistral-7B-Instruct-v0.3,3.93
HOMO_C,paraphrase_2,0,0.10703656,0.00395948,0.036992,0.06693883,-0.01013169,10,10,0,4,mistralai/Mistral-7B-Instruct-v0.3,3.98
HOMO_C,paraphrase_2,1,0.10703656,0.00395948,0.036992,0.06693883,-0.01013169,10,10,0,4,mistralai/Mistral-7B-Instruct-v0.3,3.8
HOMO_C,paraphrase_2,2,0.10703656,0.00395948,0.036992,0.06693883,-0.01013169,10,10,0,4,mistralai/Mistral-7B-Instruct-v0.3,4.11
HOMO_C,paraphrase_2,3,0.10703656,0.00395948,0.036992,0.06693883,-0.01013169,10,10,0,4,mistralai/Mistral-7B-Instruct-v0.3,4.02
HOMO_C,paraphrase_2,4,0.10703656,0.00395948,0.036992,0.06693883,-0.01013169,10,10,0,4,mistralai/Mistral-7B-Instruct-v0.3,3.97
HOMO_C,paraphrase_3,0,0.10918389,0.00437277,0.04005,0.07163869,-0.01039868,10,10,0,4,mistralai/Mistral-7B-Instruct-v0.3,3.94
HOMO_C,paraphrase_3,1,0.10918389,0.00437277,0.04005,0.07163869,-0.01039868,10,10,0,4,mistralai/Mistral-7B-Instruct-v0.3,3.78
HOMO_C,paraphrase_3,2,0.10918389,0.00437277,0.04005,0.07163869,-0.01039868,10,10,0,4,mistralai/Mistral-7B-Instruct-v0.3,4.01
HOMO_C,paraphrase_3,3,0.10918389,0.00437277,0.04005,0.07163869,-0.01039868,10,10,0,4,mistralai/Mistral-7B-Instruct-v0.3,3.92
HOMO_C,paraphrase_3,4,0.10918389,0.00437277,0.04005,0.07163869,-0.01039868,10,10,0,4,mistralai/Mistral-7B-Instruct-v0.3,3.97
HOMO_C,paraphrase_4,0,0.10447757,0.00345393,0.033059,0.06862492,-0.01032493,10,10,0,4,mistralai/Mistral-7B-Instruct-v0.3,3.98
HOMO_C,paraphrase_4,1,0.10447757,0.00345393,0.033059,0.06862492,-0.01032493,10,10,0,4,mistralai/Mistral-7B-Instruct-v0.3,3.94
HOMO_C,paraphrase_4,2,0.10447757,0.00345393,0.033059,0.06862492,-0.01032493,10,10,0,4,mistralai/Mistral-7B-Instruct-v0.3,4.02
HOMO_C,paraphrase_4,3,0.10447757,0.00345393,0.033059,0.06862492,-0.01032493,10,10,0,4,mistralai/Mistral-7B-Instruct-v0.3,3.8
HOMO_C,paraphrase_4,4,0.10447757,0.00345393,0.033059,0.06862492,-0.01032493,10,10,0,4,mistralai/Mistral-7B-Instruct-v0.3,4.0
HOMO_C,paraphrase_5,0,0.1047621,0.00418996,0.039995,0.07091376,-0.00974084,10,10,0,4,mistralai/Mistral-7B-Instruct-v0.3,3.93
HOMO_C,paraphrase_5,1,0.1047621,0.00418996,0.039995,0.07091376,-0.00974084,10,10,0,4,mistralai/Mistral-7B-Instruct-v0.3,3.95
HOMO_C,paraphrase_5,2,0.1047621,0.00418996,0.039995,0.07091376,-0.00974084,10,10,0,4,mistralai/Mistral-7B-Instruct-v0.3,3.95
HOMO_C,paraphrase_5,3,0.1047621,0.00418996,0.039995,0.07091376,-0.00974084,10,10,0,4,mistralai/Mistral-7B-Instruct-v0.3,3.82
HOMO_C,paraphrase_5,4,0.1047621,0.00418996,0.039995,0.07091376,-0.00974084,10,10,0,4,mistralai/Mistral-7B-Instruct-v0.3,3.98
HOMO_C,planning_0,0,0.10270598,0.00268189,0.026112,0.05187366,-0.00775083,10,10,0,4,mistralai/Mistral-7B-Instruct-v0.3,3.81
HOMO_C,planning_0,1,0.10270598,0.00268189,0.026112,0.05187366,-0.00775083,10,10,0,4,mistralai/Mistral-7B-Instruct-v0.3,3.92
HOMO_C,planning_0,2,0.10270598,0.00268189,0.026112,0.05187366,-0.00775083,10,10,0,4,mistralai/Mistral-7B-Instruct-v0.3,3.93
HOMO_C,planning_0,3,0.10270598,0.00268189,0.026112,0.05187366,-0.00775083,10,10,0,4,mistralai/Mistral-7B-Instruct-v0.3,4.0
HOMO_C,planning_0,4,0.10270598,0.00268189,0.026112,0.05187366,-0.00775083,10,10,0,4,mistralai/Mistral-7B-Instruct-v0.3,3.92
HOMO_C,planning_1,0,0.10757667,0.00750021,0.06972,0.07802916,-0.01066345,10,10,0,4,mistralai/Mistral-7B-Instruct-v0.3,3.78
HOMO_C,planning_1,1,0.10757667,0.00750021,0.06972,0.07802916,-0.01066345,10,10,0,4,mistralai/Mistral-7B-Instruct-v0.3,3.92
HOMO_C,planning_1,2,0.10757667,0.00750021,0.06972,0.07802916,-0.01066345,10,10,0,4,mistralai/Mistral-7B-Instruct-v0.3,3.98
HOMO_C,planning_1,3,0.10757667,0.00750021,0.06972,0.07802916,-0.01066345,10,10,0,4,mistralai/Mistral-7B-Instruct-v0.3,3.95
HOMO_C,planning_1,4,0.10757667,0.00750021,0.06972,0.07802916,-0.01066345,10,10,0,4,mistralai/Mistral-7B-Instruct-v0.3,3.95
HOMO_C,planning_2,0,0.12056543,0.00577452,0.047895,0.06765586,-0.01151598,10,10,0,4,mistralai/Mistral-7B-Instruct-v0.3,3.85
HOMO_C,planning_2,1,0.12056543,0.00577452,0.047895,0.06765586,-0.01151598,10,10,0,4,mistralai/Mistral-7B-Instruct-v0.3,3.97
HOMO_C,planning_2,2,0.12056543,0.00577452,0.047895,0.06765586,-0.01151598,10,10,0,4,mistralai/Mistral-7B-Instruct-v0.3,3.98
HOMO_C,planning_2,3,0.12056543,0.00577452,0.047895,0.06765586,-0.01151598,10,10,0,4,mistralai/Mistral-7B-Instruct-v0.3,4.0
HOMO_C,planning_2,4,0.12056543,0.00577452,0.047895,0.06765586,-0.01151598,10,10,0,4,mistralai/Mistral-7B-Instruct-v0.3,3.94
HOMO_C,planning_3,0,0.13158026,0.01710641,0.130007,0.16191981,-0.01721015,10,10,0,4,mistralai/Mistral-7B-Instruct-v0.3,3.91
HOMO_C,planning_3,1,0.13158026,0.01710641,0.130007,0.16191981,-0.01721015,10,10,0,4,mistralai/Mistral-7B-Instruct-v0.3,3.79
HOMO_C,planning_3,2,0.13158026,0.01710641,0.130007,0.16191981,-0.01721015,10,10,0,4,mistralai/Mistral-7B-Instruct-v0.3,3.96
HOMO_C,planning_3,3,0.13158026,0.01710641,0.130007,0.16191981,-0.01721015,10,10,0,4,mistralai/Mistral-7B-Instruct-v0.3,3.92
HOMO_C,planning_3,4,0.13158026,0.01710641,0.130007,0.16191981,-0.01721015,10,10,0,4,mistralai/Mistral-7B-Instruct-v0.3,3.96
HOMO_C,planning_4,0,0.09968903,0.00507261,0.050884,0.05948562,-0.00902625,10,10,0,4,mistralai/Mistral-7B-Instruct-v0.3,3.78
HOMO_C,planning_4,1,0.09968903,0.00507261,0.050884,0.05948562,-0.00902625,10,10,0,4,mistralai/Mistral-7B-Instruct-v0.3,3.98
HOMO_C,planning_4,2,0.09968903,0.00507261,0.050884,0.05948562,-0.00902625,10,10,0,4,mistralai/Mistral-7B-Instruct-v0.3,3.94
HOMO_C,planning_4,3,0.09968903,0.00507261,0.050884,0.05948562,-0.00902625,10,10,0,4,mistralai/Mistral-7B-Instruct-v0.3,3.94
HOMO_C,planning_4,4,0.09968903,0.00507261,0.050884,0.05948562,-0.00902625,10,10,0,4,mistralai/Mistral-7B-Instruct-v0.3,3.99
HOMO_C,planning_5,0,0.10936035,0.00390304,0.03569,0.06338403,-0.00982744,10,10,0,4,mistralai/Mistral-7B-Instruct-v0.3,3.82
HOMO_C,planning_5,1,0.10936035,0.00390304,0.03569,0.06338403,-0.00982744,10,10,0,4,mistralai/Mistral-7B-Instruct-v0.3,3.98
HOMO_C,planning_5,2,0.10936035,0.00390304,0.03569,0.06338403,-0.00982744,10,10,0,4,mistralai/Mistral-7B-Instruct-v0.3,4.0
HOMO_C,planning_5,3,0.10936035,0.00390304,0.03569,0.06338403,-0.00982744,10,10,0,4,mistralai/Mistral-7B-Instruct-v0.3,3.79
HOMO_C,planning_5,4,0.10936035,0.00390304,0.03569,0.06338403,-0.00982744,10,10,0,4,mistralai/Mistral-7B-Instruct-v0.3,4.0
